comparison_family,method,reference,initialization,n_trajectories,metric,n,mean_difference,median_difference,ci95_low,ci95_high,method_failed_reference_succeeded,method_succeeded_reference_failed
barrier_within_euclidean,sampled_pg_logbarrier_handoff,sampled_pg_reward_only,adverse,4,final_return,100,-0.0579636710547179,-0.05804685350737393,-0.058548193911805047,-0.05737914819763075,,
barrier_within_euclidean,sampled_pg_logbarrier_handoff,sampled_pg_reward_only,adverse,4,final_q,100,0.05900469037311317,0.058929795032123505,0.058247090205781386,0.059762290540444955,,
barrier_within_euclidean,sampled_pg_logbarrier_handoff,sampled_pg_reward_only,adverse,4,final_pi1_good,100,0.008226759213398655,0.007957506541081237,0.007948689386742537,0.008504829040054772,,
barrier_within_euclidean,sampled_pg_logbarrier_handoff,sampled_pg_reward_only,adverse,4,zero_s1_batch_fraction,100,-0.2981799999999999,-0.29799999999999993,-0.3034895809258078,-0.292870419074192,,
barrier_within_euclidean,sampled_pg_logbarrier_handoff,sampled_pg_reward_only,adverse,4,near_optimal_basin,100,0.0,0.0,0.0,0.0,,
barrier_within_euclidean,sampled_pg_logbarrier_handoff,sampled_pg_reward_only,adverse,4,exact_mcnemar_p,100,1.0,,,,0,0
barrier_within_natural,sampled_npg_logbarrier_handoff,sampled_npg_reward_only,adverse,4,final_return,100,0.3710738450464238,0.45470026022790017,0.33684247787951527,0.4053052122133324,,
barrier_within_natural,sampled_npg_logbarrier_handoff,sampled_npg_reward_only,adverse,4,final_q,100,0.8360102651507486,0.9379167757228815,0.7799607001768062,0.892059830124691,,
barrier_within_natural,sampled_npg_logbarrier_handoff,sampled_npg_reward_only,adverse,4,final_pi1_good,100,0.886010199308643,0.9783763812007297,0.8482206654173307,0.9237997331999553,,
barrier_within_natural,sampled_npg_logbarrier_handoff,sampled_npg_reward_only,adverse,4,zero_s1_batch_fraction,100,-0.6985086372636828,-0.7249496686519588,-0.7227600865767905,-0.6742571879505752,,
barrier_within_natural,sampled_npg_logbarrier_handoff,sampled_npg_reward_only,adverse,4,near_optimal_basin,100,0.56,1.0,0.4610098673112009,0.6589901326887992,,
barrier_within_natural,sampled_npg_logbarrier_handoff,sampled_npg_reward_only,adverse,4,exact_mcnemar_p,100,2.7755575615628914e-17,,,,0,56
optimizer_reward_only,sampled_npg_reward_only,sampled_pg_reward_only,adverse,4,final_return,100,0.02719604954704772,0.02716134119426905,0.027138095746762004,0.027254003347333435,,
optimizer_reward_only,sampled_npg_reward_only,sampled_pg_reward_only,adverse,4,final_q,100,-0.006388058266871587,-0.006368686738558844,-0.006415610284757736,-0.0063605062489854374,,
optimizer_reward_only,sampled_npg_reward_only,sampled_pg_reward_only,adverse,4,final_pi1_good,100,-0.00046244545961978767,7.254659270555797e-05,-0.0006777409780747607,-0.0002471499411648146,,
optimizer_reward_only,sampled_npg_reward_only,sampled_pg_reward_only,adverse,4,zero_s1_batch_fraction,100,-0.11055222222222222,-0.09299999999999997,-0.1210106012699978,-0.10009384317444664,,
optimizer_reward_only,sampled_npg_reward_only,sampled_pg_reward_only,adverse,4,near_optimal_basin,100,0.0,0.0,0.0,0.0,,
optimizer_reward_only,sampled_npg_reward_only,sampled_pg_reward_only,adverse,4,exact_mcnemar_p,100,1.0,,,,0,0
optimizer_with_barrier,sampled_npg_logbarrier_handoff,sampled_pg_logbarrier_handoff,adverse,4,final_return,100,0.4562335656481894,0.5425653231453477,0.421950234855686,0.4905168964406928,,
optimizer_with_barrier,sampled_npg_logbarrier_handoff,sampled_pg_logbarrier_handoff,adverse,4,final_q,100,0.7706175165107636,0.8693022964923398,0.714632407548862,0.8266026254726652,,
optimizer_with_barrier,sampled_npg_logbarrier_handoff,sampled_pg_logbarrier_handoff,adverse,4,final_pi1_good,100,0.8773209946356246,0.9695867695992724,0.8395565797442971,0.9150854095269522,,
optimizer_with_barrier,sampled_npg_logbarrier_handoff,sampled_pg_logbarrier_handoff,adverse,4,zero_s1_batch_fraction,100,-0.510880859485905,-0.5381012547161534,-0.5318240688374685,-0.48993765013434154,,
optimizer_with_barrier,sampled_npg_logbarrier_handoff,sampled_pg_logbarrier_handoff,adverse,4,near_optimal_basin,100,0.56,1.0,0.4610098673112009,0.6589901326887992,,
optimizer_with_barrier,sampled_npg_logbarrier_handoff,sampled_pg_logbarrier_handoff,adverse,4,exact_mcnemar_p,100,2.7755575615628914e-17,,,,0,56
fixed_vs_handoff_euclidean,sampled_pg_logbarrier_fixed,sampled_pg_logbarrier_handoff,adverse,4,final_return,100,-0.1081503246240037,-0.10791810465305926,-0.10876470892389448,-0.10753594032411293,,
fixed_vs_handoff_euclidean,sampled_pg_logbarrier_fixed,sampled_pg_logbarrier_handoff,adverse,4,final_q,100,0.17672577487520086,0.17629769515705312,0.17539719668747253,0.1780543530629292,,
fixed_vs_handoff_euclidean,sampled_pg_logbarrier_fixed,sampled_pg_logbarrier_handoff,adverse,4,final_pi1_good,100,0.029460707951063182,0.02941007709353722,0.028734731390237116,0.030186684511889248,,
fixed_vs_handoff_euclidean,sampled_pg_logbarrier_fixed,sampled_pg_logbarrier_handoff,adverse,4,zero_s1_batch_fraction,100,-0.12338,-0.126,-0.12814802787545587,-0.11861197212454413,,
fixed_vs_handoff_euclidean,sampled_pg_logbarrier_fixed,sampled_pg_logbarrier_handoff,adverse,4,near_optimal_basin,100,0.0,0.0,0.0,0.0,,
fixed_vs_handoff_euclidean,sampled_pg_logbarrier_fixed,sampled_pg_logbarrier_handoff,adverse,4,exact_mcnemar_p,100,1.0,,,,0,0
fixed_vs_handoff_natural,sampled_npg_logbarrier_fixed,sampled_npg_logbarrier_handoff,adverse,4,final_return,100,-0.19889034917019555,-0.2586192306956137,-0.23248950975170107,-0.16529118858869002,,
fixed_vs_handoff_natural,sampled_npg_logbarrier_fixed,sampled_npg_logbarrier_handoff,adverse,4,final_q,100,-0.11627151777279301,-0.1839960311538224,-0.17322724777733056,-0.05931578776825548,,
fixed_vs_handoff_natural,sampled_npg_logbarrier_fixed,sampled_npg_logbarrier_handoff,adverse,4,final_pi1_good,100,-0.11403840668795143,-0.16807506801632977,-0.15393443304492357,-0.07414238033097928,,
fixed_vs_handoff_natural,sampled_npg_logbarrier_fixed,sampled_npg_logbarrier_handoff,adverse,4,zero_s1_batch_fraction,100,-0.05561914051409495,-0.0443569062364972,-0.0640693950055695,-0.04716888602262039,,
fixed_vs_handoff_natural,sampled_npg_logbarrier_fixed,sampled_npg_logbarrier_handoff,adverse,4,near_optimal_basin,100,-0.56,-1.0,-0.6589901326887992,-0.4610098673112009,,
fixed_vs_handoff_natural,sampled_npg_logbarrier_fixed,sampled_npg_logbarrier_handoff,adverse,4,exact_mcnemar_p,100,2.7755575615628914e-17,,,,56,0
barrier_within_euclidean,sampled_pg_logbarrier_handoff,sampled_pg_reward_only,adverse,32,final_return,100,-0.057180675310581186,-0.057086648019713526,-0.05735807140264104,-0.05700327921852133,,
barrier_within_euclidean,sampled_pg_logbarrier_handoff,sampled_pg_reward_only,adverse,32,final_q,100,0.05774012718654577,0.05771304870460007,0.05750701428567542,0.05797324008741611,,
barrier_within_euclidean,sampled_pg_logbarrier_handoff,sampled_pg_reward_only,adverse,32,final_pi1_good,100,0.009284569486480038,0.009308456007665564,0.009179670139389504,0.009389468833570572,,
barrier_within_euclidean,sampled_pg_logbarrier_handoff,sampled_pg_reward_only,adverse,32,zero_s1_batch_fraction,100,-0.63558,-0.634,-0.6406734231471929,-0.6304865768528072,,
barrier_within_euclidean,sampled_pg_logbarrier_handoff,sampled_pg_reward_only,adverse,32,near_optimal_basin,100,0.0,0.0,0.0,0.0,,
barrier_within_euclidean,sampled_pg_logbarrier_handoff,sampled_pg_reward_only,adverse,32,exact_mcnemar_p,100,1.0,,,,0,0
barrier_within_natural,sampled_npg_logbarrier_handoff,sampled_npg_reward_only,adverse,32,final_return,100,0.47878895634850943,0.4933615591952797,0.4718030258040715,0.48577488689294734,,
barrier_within_natural,sampled_npg_logbarrier_handoff,sampled_npg_reward_only,adverse,32,final_q,100,0.9705929432413875,0.9904274816125833,0.9624910907195826,0.9786947957631923,,
barrier_within_natural,sampled_npg_logbarrier_handoff,sampled_npg_reward_only,adverse,32,final_pi1_good,100,0.9783575043520549,0.9837033008745522,0.975554413530065,0.9811605951740449,,
barrier_within_natural,sampled_npg_logbarrier_handoff,sampled_npg_reward_only,adverse,32,zero_s1_batch_fraction,100,-0.7486482218973844,-0.7680491551459294,-0.7750866240057476,-0.7222098197890213,,
barrier_within_natural,sampled_npg_logbarrier_handoff,sampled_npg_reward_only,adverse,32,near_optimal_basin,100,0.89,1.0,0.8276031162455594,0.9523968837544406,,
barrier_within_natural,sampled_npg_logbarrier_handoff,sampled_npg_reward_only,adverse,32,exact_mcnemar_p,100,3.2311742677852644e-27,,,,0,89
optimizer_reward_only,sampled_npg_reward_only,sampled_pg_reward_only,adverse,32,final_return,100,0.025274160229450216,0.027080660969502512,0.024541459032469327,0.026006861426431105,,
optimizer_reward_only,sampled_npg_reward_only,sampled_pg_reward_only,adverse,32,final_q,100,-0.006159964819160104,-0.006351302474687631,-0.006242785442779491,-0.006077144195540717,,
optimizer_reward_only,sampled_npg_reward_only,sampled_pg_reward_only,adverse,32,final_pi1_good,100,-0.0009453113850710651,-0.000693387888320047,-0.0012052003240564995,-0.0006854224460856307,,
optimizer_reward_only,sampled_npg_reward_only,sampled_pg_reward_only,adverse,32,zero_s1_batch_fraction,100,0.02635847799259566,0.04361538461538467,-0.0007071000346051959,0.053424056019796516,,
optimizer_reward_only,sampled_npg_reward_only,sampled_pg_reward_only,adverse,32,near_optimal_basin,100,0.0,0.0,0.0,0.0,,
optimizer_reward_only,sampled_npg_reward_only,sampled_pg_reward_only,adverse,32,exact_mcnemar_p,100,1.0,,,,0,0
optimizer_with_barrier,sampled_npg_logbarrier_handoff,sampled_pg_logbarrier_handoff,adverse,32,final_return,100,0.5612437918885408,0.5762522389727012,0.5542661662048999,0.5682214175721817,,
optimizer_with_barrier,sampled_npg_logbarrier_handoff,sampled_pg_logbarrier_handoff,adverse,32,final_q,100,0.9066928512356819,0.9269982327280066,0.8985869395229688,0.914798762948395,,
optimizer_with_barrier,sampled_npg_logbarrier_handoff,sampled_pg_logbarrier_handoff,adverse,32,final_pi1_good,100,0.968127623480504,0.9731810317021619,0.9653389687433094,0.9709162782176985,,
optimizer_with_barrier,sampled_npg_logbarrier_handoff,sampled_pg_logbarrier_handoff,adverse,32,zero_s1_batch_fraction,100,-0.08670974390478886,-0.08830312969796364,-0.08906450212527427,-0.08435498568430345,,
optimizer_with_barrier,sampled_npg_logbarrier_handoff,sampled_pg_logbarrier_handoff,adverse,32,near_optimal_basin,100,0.89,1.0,0.8276031162455594,0.9523968837544406,,
optimizer_with_barrier,sampled_npg_logbarrier_handoff,sampled_pg_logbarrier_handoff,adverse,32,exact_mcnemar_p,100,3.2311742677852644e-27,,,,0,89
fixed_vs_handoff_euclidean,sampled_pg_logbarrier_fixed,sampled_pg_logbarrier_handoff,adverse,32,final_return,100,-0.10687322275345874,-0.10700244239877474,-0.1071109292724553,-0.10663551623446219,,
fixed_vs_handoff_euclidean,sampled_pg_logbarrier_fixed,sampled_pg_logbarrier_handoff,adverse,32,final_q,100,0.17449798788741902,0.17453522609502425,0.1739038832476219,0.17509209252721614,,
fixed_vs_handoff_euclidean,sampled_pg_logbarrier_fixed,sampled_pg_logbarrier_handoff,adverse,32,final_pi1_good,100,0.03395932376111971,0.033939627892147335,0.033604462236503645,0.03431418528573577,,
fixed_vs_handoff_euclidean,sampled_pg_logbarrier_fixed,sampled_pg_logbarrier_handoff,adverse,32,zero_s1_batch_fraction,100,-0.021279999999999997,-0.020000000000000004,-0.022525411198742844,-0.02003458880125715,,
fixed_vs_handoff_euclidean,sampled_pg_logbarrier_fixed,sampled_pg_logbarrier_handoff,adverse,32,near_optimal_basin,100,0.0,0.0,0.0,0.0,,
fixed_vs_handoff_euclidean,sampled_pg_logbarrier_fixed,sampled_pg_logbarrier_handoff,adverse,32,exact_mcnemar_p,100,1.0,,,,0,0
fixed_vs_handoff_natural,sampled_npg_logbarrier_fixed,sampled_npg_logbarrier_handoff,adverse,32,final_return,100,-0.3368739855203515,-0.3422352378013133,-0.345392243543799,-0.32835572749690406,,
fixed_vs_handoff_natural,sampled_npg_logbarrier_fixed,sampled_npg_logbarrier_handoff,adverse,32,final_q,100,-0.3194145625215777,-0.3187692549536316,-0.3313802575141858,-0.30744886752896955,,
fixed_vs_handoff_natural,sampled_npg_logbarrier_fixed,sampled_npg_logbarrier_handoff,adverse,32,final_pi1_good,100,-0.21053894364080394,-0.21087383651271935,-0.21523369650522775,-0.20584419077638014,,
fixed_vs_handoff_natural,sampled_npg_logbarrier_fixed,sampled_npg_logbarrier_handoff,adverse,32,zero_s1_batch_fraction,100,-0.0025102560952111465,-0.0017105879113314057,-0.0026991766489183632,-0.0023213355415039297,,
fixed_vs_handoff_natural,sampled_npg_logbarrier_fixed,sampled_npg_logbarrier_handoff,adverse,32,near_optimal_basin,100,-0.89,-1.0,-0.9523968837544406,-0.8276031162455594,,
fixed_vs_handoff_natural,sampled_npg_logbarrier_fixed,sampled_npg_logbarrier_handoff,adverse,32,exact_mcnemar_p,100,3.2311742677852644e-27,,,,89,0
barrier_within_euclidean,sampled_pg_logbarrier_handoff,sampled_pg_reward_only,adverse,128,final_return,100,-0.05711153223616115,-0.05712084408105558,-0.057209360727674116,-0.05701370374464819,,
barrier_within_euclidean,sampled_pg_logbarrier_handoff,sampled_pg_reward_only,adverse,128,final_q,100,0.05764461240785112,0.05765034567887451,0.05751498159979839,0.057774243215903846,,
barrier_within_euclidean,sampled_pg_logbarrier_handoff,sampled_pg_reward_only,adverse,128,final_pi1_good,100,0.009503337093352686,0.00951452831031464,0.009442396622279027,0.009564277564426344,,
barrier_within_euclidean,sampled_pg_logbarrier_handoff,sampled_pg_reward_only,adverse,128,zero_s1_batch_fraction,100,-0.29148,-0.292,-0.29546548156122254,-0.2874945184387775,,
barrier_within_euclidean,sampled_pg_logbarrier_handoff,sampled_pg_reward_only,adverse,128,near_optimal_basin,100,0.0,0.0,0.0,0.0,,
barrier_within_euclidean,sampled_pg_logbarrier_handoff,sampled_pg_reward_only,adverse,128,exact_mcnemar_p,100,1.0,,,,0,0
barrier_within_natural,sampled_npg_logbarrier_handoff,sampled_npg_reward_only,adverse,128,final_return,100,0.4871814569229618,0.4867365604817948,0.484509998322181,0.48985291552374255,,
barrier_within_natural,sampled_npg_logbarrier_handoff,sampled_npg_reward_only,adverse,128,final_q,100,0.9693397146378991,0.9682714015583063,0.9655142700000682,0.9731651592757301,,
barrier_within_natural,sampled_npg_logbarrier_handoff,sampled_npg_reward_only,adverse,128,final_pi1_good,100,0.9789166578084889,0.9792914707435879,0.9781452688814855,0.9796880467354924,,
barrier_within_natural,sampled_npg_logbarrier_handoff,sampled_npg_reward_only,adverse,128,zero_s1_batch_fraction,100,-0.4894779745676221,-0.5,-0.5141199360195677,-0.4648360131156765,,
barrier_within_natural,sampled_npg_logbarrier_handoff,sampled_npg_reward_only,adverse,128,near_optimal_basin,100,1.0,1.0,1.0,1.0,,
barrier_within_natural,sampled_npg_logbarrier_handoff,sampled_npg_reward_only,adverse,128,exact_mcnemar_p,100,1.5777218104420236e-30,,,,0,100
optimizer_reward_only,sampled_npg_reward_only,sampled_pg_reward_only,adverse,128,final_return,100,0.01802161949682334,0.017777933510480542,0.017535125660177425,0.018508113333469252,,
optimizer_reward_only,sampled_npg_reward_only,sampled_pg_reward_only,adverse,128,final_q,100,-0.004157974020165619,-0.0043570589451765954,-0.004347549711244643,-0.003968398329086595,,
optimizer_reward_only,sampled_npg_reward_only,sampled_pg_reward_only,adverse,128,final_pi1_good,100,-0.0004971836923847978,-0.001060996170315345,-0.0008096742136340048,-0.00018469317113559077,,
optimizer_reward_only,sampled_npg_reward_only,sampled_pg_reward_only,adverse,128,zero_s1_batch_fraction,100,0.193355626226199,0.2,0.1688050706598727,0.2179061817925253,,
optimizer_reward_only,sampled_npg_reward_only,sampled_pg_reward_only,adverse,128,near_optimal_basin,100,0.0,0.0,0.0,0.0,,
optimizer_reward_only,sampled_npg_reward_only,sampled_pg_reward_only,adverse,128,exact_mcnemar_p,100,1.0,,,,0,0
optimizer_with_barrier,sampled_npg_logbarrier_handoff,sampled_pg_logbarrier_handoff,adverse,128,final_return,100,0.5623146086559462,0.5617666627994982,0.5596089327527035,0.5650202845591888,,
optimizer_with_barrier,sampled_npg_logbarrier_handoff,sampled_pg_logbarrier_handoff,adverse,128,final_q,100,0.9075371282098823,0.9075601679859284,0.9037552251812667,0.9113190312384979,,
optimizer_with_barrier,sampled_npg_logbarrier_handoff,sampled_pg_logbarrier_handoff,adverse,128,final_pi1_good,100,0.9689161370227515,0.9688326425467532,0.9681868365559525,0.9696454374895505,,
optimizer_with_barrier,sampled_npg_logbarrier_handoff,sampled_pg_logbarrier_handoff,adverse,128,zero_s1_batch_fraction,100,-0.004642348341423106,-0.004,-0.00532780854290747,-0.0039568881399387424,,
optimizer_with_barrier,sampled_npg_logbarrier_handoff,sampled_pg_logbarrier_handoff,adverse,128,near_optimal_basin,100,1.0,1.0,1.0,1.0,,
optimizer_with_barrier,sampled_npg_logbarrier_handoff,sampled_pg_logbarrier_handoff,adverse,128,exact_mcnemar_p,100,1.5777218104420236e-30,,,,0,100
fixed_vs_handoff_euclidean,sampled_pg_logbarrier_fixed,sampled_pg_logbarrier_handoff,adverse,128,final_return,100,-0.10676974330748695,-0.1067408338074792,-0.10688101965747414,-0.10665846695749977,,
fixed_vs_handoff_euclidean,sampled_pg_logbarrier_fixed,sampled_pg_logbarrier_handoff,adverse,128,final_q,100,0.17467775081408854,0.174639486012726,0.17443324235833835,0.17492225926983873,,
fixed_vs_handoff_euclidean,sampled_pg_logbarrier_fixed,sampled_pg_logbarrier_handoff,adverse,128,final_pi1_good,100,0.03485242725467712,0.034751781442130814,0.03468844816514019,0.035016406344214046,,
fixed_vs_handoff_euclidean,sampled_pg_logbarrier_fixed,sampled_pg_logbarrier_handoff,adverse,128,zero_s1_batch_fraction,100,-4e-05,0.0,-9.583796549278766e-05,1.5837965492787652e-05,,
fixed_vs_handoff_euclidean,sampled_pg_logbarrier_fixed,sampled_pg_logbarrier_handoff,adverse,128,near_optimal_basin,100,0.0,0.0,0.0,0.0,,
fixed_vs_handoff_euclidean,sampled_pg_logbarrier_fixed,sampled_pg_logbarrier_handoff,adverse,128,exact_mcnemar_p,100,1.0,,,,0,0
fixed_vs_handoff_natural,sampled_npg_logbarrier_fixed,sampled_npg_logbarrier_handoff,adverse,128,final_return,100,-0.3572529874834429,-0.35680570736430056,-0.36188251464142895,-0.3526234603254569,,
fixed_vs_handoff_natural,sampled_npg_logbarrier_fixed,sampled_npg_logbarrier_handoff,adverse,128,final_q,100,-0.34877417982165954,-0.3450797082080979,-0.35693827857056987,-0.3406100810727492,,
fixed_vs_handoff_natural,sampled_npg_logbarrier_fixed,sampled_npg_logbarrier_handoff,adverse,128,final_pi1_good,100,-0.2253316371657146,-0.22498113843935597,-0.2283319937135318,-0.22233128061789742,,
fixed_vs_handoff_natural,sampled_npg_logbarrier_fixed,sampled_npg_logbarrier_handoff,adverse,128,zero_s1_batch_fraction,100,-0.00031765165857689377,0.0,-0.00044436383421772986,-0.0001909394829360577,,
fixed_vs_handoff_natural,sampled_npg_logbarrier_fixed,sampled_npg_logbarrier_handoff,adverse,128,near_optimal_basin,100,-1.0,-1.0,-1.0,-1.0,,
fixed_vs_handoff_natural,sampled_npg_logbarrier_fixed,sampled_npg_logbarrier_handoff,adverse,128,exact_mcnemar_p,100,1.5777218104420236e-30,,,,100,0
barrier_within_euclidean,sampled_pg_logbarrier_handoff,sampled_pg_reward_only,uniform,4,final_return,100,-0.02696031023439963,-0.03720678620887907,-0.03589850226351478,-0.01802211820528448,,
barrier_within_euclidean,sampled_pg_logbarrier_handoff,sampled_pg_reward_only,uniform,4,final_q,100,-0.012079816380926305,-0.036483375437478704,-0.0283101288109123,0.00415049604905969,,
barrier_within_euclidean,sampled_pg_logbarrier_handoff,sampled_pg_reward_only,uniform,4,final_pi1_good,100,-0.017973695207004023,-0.024010707196581216,-0.023360286156677963,-0.01258710425733008,,
barrier_within_euclidean,sampled_pg_logbarrier_handoff,sampled_pg_reward_only,uniform,4,zero_s1_batch_fraction,100,-0.0039000000000000003,0.0050000000000000044,-0.010257099559958793,0.0024570995599587924,,
barrier_within_euclidean,sampled_pg_logbarrier_handoff,sampled_pg_reward_only,uniform,4,near_optimal_basin,100,0.0,0.0,0.0,0.0,,
barrier_within_euclidean,sampled_pg_logbarrier_handoff,sampled_pg_reward_only,uniform,4,exact_mcnemar_p,100,1.0,,,,0,0
barrier_within_natural,sampled_npg_logbarrier_handoff,sampled_npg_reward_only,uniform,4,final_return,100,0.1695972142786875,0.04950888969109013,0.10741762033757347,0.23177680821980157,,
barrier_within_natural,sampled_npg_logbarrier_handoff,sampled_npg_reward_only,uniform,4,final_q,100,0.2988537354619665,0.09467624190607227,0.20032513057656948,0.39738234034736347,,
barrier_within_natural,sampled_npg_logbarrier_handoff,sampled_npg_reward_only,uniform,4,final_pi1_good,100,0.16186049074278877,0.003148656645198089,0.08964862158095471,0.23407235990462283,,
barrier_within_natural,sampled_npg_logbarrier_handoff,sampled_npg_reward_only,uniform,4,zero_s1_batch_fraction,100,-0.08538741175072857,-0.0334411712318689,-0.13019977991295145,-0.04057504358850571,,
barrier_within_natural,sampled_npg_logbarrier_handoff,sampled_npg_reward_only,uniform,4,near_optimal_basin,100,0.23,0.0,0.10120718085594765,0.35879281914405237,,
barrier_within_natural,sampled_npg_logbarrier_handoff,sampled_npg_reward_only,uniform,4,exact_mcnemar_p,100,0.0010885382064742544,,,,12,35
optimizer_reward_only,sampled_npg_reward_only,sampled_pg_reward_only,uniform,4,final_return,100,-0.024351134480482893,-0.09308325936565892,-0.07815679395625952,0.029454524995293725,,
optimizer_reward_only,sampled_npg_reward_only,sampled_pg_reward_only,uniform,4,final_q,100,-0.187499178694312,-0.196099560978109,-0.26859836806503223,-0.10639998932359178,,
optimizer_reward_only,sampled_npg_reward_only,sampled_pg_reward_only,uniform,4,final_pi1_good,100,-0.143568063357206,-0.022163592177804448,-0.20388998687660964,-0.0832461398378024,,
optimizer_reward_only,sampled_npg_reward_only,sampled_pg_reward_only,uniform,4,zero_s1_batch_fraction,100,0.0760308246420964,-0.012101694915254237,0.033747796552904004,0.1183138527312888,,
optimizer_reward_only,sampled_npg_reward_only,sampled_pg_reward_only,uniform,4,near_optimal_basin,100,0.31,0.0,0.2177689937353296,0.4022310062646704,,
optimizer_reward_only,sampled_npg_reward_only,sampled_pg_reward_only,uniform,4,exact_mcnemar_p,100,9.313225746154785e-10,,,,0,31
optimizer_with_barrier,sampled_npg_logbarrier_handoff,sampled_pg_logbarrier_handoff,uniform,4,final_return,100,0.17220639003260416,0.26847020683529776,0.1293508371797776,0.2150619428854307,,
optimizer_with_barrier,sampled_npg_logbarrier_handoff,sampled_pg_logbarrier_handoff,uniform,4,final_q,100,0.12343437314858084,0.23873163305023742,0.060779108532305004,0.18608963776485668,,
optimizer_with_barrier,sampled_npg_logbarrier_handoff,sampled_pg_logbarrier_handoff,uniform,4,final_pi1_good,100,0.036266122592586755,0.14811908431722454,-0.011212807479566711,0.08374505266474022,,
optimizer_with_barrier,sampled_npg_logbarrier_handoff,sampled_pg_logbarrier_handoff,uniform,4,zero_s1_batch_fraction,100,-0.005456587108632183,-0.04230895158481365,-0.027897993716070334,0.01698481949880597,,
optimizer_with_barrier,sampled_npg_logbarrier_handoff,sampled_pg_logbarrier_handoff,uniform,4,near_optimal_basin,100,0.54,1.0,0.440608933581603,0.639391066418397,,
optimizer_with_barrier,sampled_npg_logbarrier_handoff,sampled_pg_logbarrier_handoff,uniform,4,exact_mcnemar_p,100,1.1102230246251565e-16,,,,0,54
fixed_vs_handoff_euclidean,sampled_pg_logbarrier_fixed,sampled_pg_logbarrier_handoff,uniform,4,final_return,100,-0.15607114777502776,-0.1625256780982744,-0.16236959409101295,-0.14977270145904256,,
fixed_vs_handoff_euclidean,sampled_pg_logbarrier_fixed,sampled_pg_logbarrier_handoff,uniform,4,final_q,100,-0.18677269560642837,-0.19573664022124448,-0.19652403901859294,-0.1770213521942638,,
fixed_vs_handoff_euclidean,sampled_pg_logbarrier_fixed,sampled_pg_logbarrier_handoff,uniform,4,final_pi1_good,100,-0.1380868008847067,-0.13939891267017418,-0.1407315122760779,-0.1354420894933355,,
fixed_vs_handoff_euclidean,sampled_pg_logbarrier_fixed,sampled_pg_logbarrier_handoff,uniform,4,zero_s1_batch_fraction,100,0.0155,0.016,0.013853233969199389,0.01714676603080061,,
fixed_vs_handoff_euclidean,sampled_pg_logbarrier_fixed,sampled_pg_logbarrier_handoff,uniform,4,near_optimal_basin,100,0.0,0.0,0.0,0.0,,
fixed_vs_handoff_euclidean,sampled_pg_logbarrier_fixed,sampled_pg_logbarrier_handoff,uniform,4,exact_mcnemar_p,100,1.0,,,,0,0
fixed_vs_handoff_natural,sampled_npg_logbarrier_fixed,sampled_npg_logbarrier_handoff,uniform,4,final_return,100,-0.18476718040268064,-0.24596312162212836,-0.21979244789837804,-0.14974191290698324,,
fixed_vs_handoff_natural,sampled_npg_logbarrier_fixed,sampled_npg_logbarrier_handoff,uniform,4,final_q,100,-0.10164163821835377,-0.1801075108582681,-0.1596815763629318,-0.043601700073775757,,
fixed_vs_handoff_natural,sampled_npg_logbarrier_fixed,sampled_npg_logbarrier_handoff,uniform,4,final_pi1_good,100,-0.08997596244463839,-0.16517522677661012,-0.13101816054743562,-0.04893376434184115,,
fixed_vs_handoff_natural,sampled_npg_logbarrier_fixed,sampled_npg_logbarrier_handoff,uniform,4,zero_s1_batch_fraction,100,-0.04181605926139124,-0.027006993006993007,-0.050614171770024474,-0.033017946752758,,
fixed_vs_handoff_natural,sampled_npg_logbarrier_fixed,sampled_npg_logbarrier_handoff,uniform,4,near_optimal_basin,100,-0.54,-1.0,-0.639391066418397,-0.440608933581603,,
fixed_vs_handoff_natural,sampled_npg_logbarrier_fixed,sampled_npg_logbarrier_handoff,uniform,4,exact_mcnemar_p,100,1.1102230246251565e-16,,,,54,0
barrier_within_euclidean,sampled_pg_logbarrier_handoff,sampled_pg_reward_only,uniform,32,final_return,100,-0.03839900229112813,-0.03911188593066639,-0.041414657729395926,-0.035383346852860334,,
barrier_within_euclidean,sampled_pg_logbarrier_handoff,sampled_pg_reward_only,uniform,32,final_q,100,-0.03679235045062852,-0.03895983643972539,-0.04135541375261315,-0.03222928714864389,,
barrier_within_euclidean,sampled_pg_logbarrier_handoff,sampled_pg_reward_only,uniform,32,final_pi1_good,100,-0.026529704957413677,-0.026743392634170082,-0.02797669328140026,-0.025082716633427093,,
barrier_within_euclidean,sampled_pg_logbarrier_handoff,sampled_pg_reward_only,uniform,32,zero_s1_batch_fraction,100,0.0,0.0,0.0,0.0,,
barrier_within_euclidean,sampled_pg_logbarrier_handoff,sampled_pg_reward_only,uniform,32,near_optimal_basin,100,0.0,0.0,0.0,0.0,,
barrier_within_euclidean,sampled_pg_logbarrier_handoff,sampled_pg_reward_only,uniform,32,exact_mcnemar_p,100,1.0,,,,0,0
barrier_within_natural,sampled_npg_logbarrier_handoff,sampled_npg_reward_only,uniform,32,final_return,100,-0.00761117922147799,2.316202785124233e-12,-0.01535344420642459,0.00013108576346861165,,
barrier_within_natural,sampled_npg_logbarrier_handoff,sampled_npg_reward_only,uniform,32,final_q,100,-0.002297877860901499,3.631106526569283e-11,-0.012389988489691021,0.007794232767888022,,
barrier_within_natural,sampled_npg_logbarrier_handoff,sampled_npg_reward_only,uniform,32,final_pi1_good,100,-0.005316358762356707,-0.00019740860978428865,-0.00811557282162203,-0.002517144703091383,,
barrier_within_natural,sampled_npg_logbarrier_handoff,sampled_npg_reward_only,uniform,32,zero_s1_batch_fraction,100,0.0,0.0,0.0,0.0,,
barrier_within_natural,sampled_npg_logbarrier_handoff,sampled_npg_reward_only,uniform,32,near_optimal_basin,100,-0.08,0.0,-0.1528911469101824,-0.00710885308981761,,
barrier_within_natural,sampled_npg_logbarrier_handoff,sampled_npg_reward_only,uniform,32,exact_mcnemar_p,100,0.057373046875,,,,11,3
optimizer_reward_only,sampled_npg_reward_only,sampled_pg_reward_only,uniform,32,final_return,100,0.27971547052920287,0.27937567306680333,0.273589204486272,0.28584173657213374,,
optimizer_reward_only,sampled_npg_reward_only,sampled_pg_reward_only,uniform,32,final_q,100,0.24887654551810784,0.2493532248327165,0.23925675205036653,0.25849633898584917,,
optimizer_reward_only,sampled_npg_reward_only,sampled_pg_reward_only,uniform,32,final_pi1_good,100,0.15267729447653497,0.1513161368422148,0.1499450745444184,0.15540951440865153,,
optimizer_reward_only,sampled_npg_reward_only,sampled_pg_reward_only,uniform,32,zero_s1_batch_fraction,100,0.0,0.0,0.0,0.0,,
optimizer_reward_only,sampled_npg_reward_only,sampled_pg_reward_only,uniform,32,near_optimal_basin,100,0.97,1.0,0.9359812736969161,1.004018726303084,,
optimizer_reward_only,sampled_npg_reward_only,sampled_pg_reward_only,uniform,32,exact_mcnemar_p,100,1.262177448353619e-29,,,,0,97
optimizer_with_barrier,sampled_npg_logbarrier_handoff,sampled_pg_logbarrier_handoff,uniform,32,final_return,100,0.310503293598853,0.3223450454798912,0.30283025027033594,0.31817633692737,,
optimizer_with_barrier,sampled_npg_logbarrier_handoff,sampled_pg_logbarrier_handoff,uniform,32,final_q,100,0.2833710181078349,0.29298819067316945,0.27381165695439275,0.292930379261277,,
optimizer_with_barrier,sampled_npg_logbarrier_handoff,sampled_pg_logbarrier_handoff,uniform,32,final_pi1_good,100,0.17389064067159193,0.17720971031605648,0.1706222177496135,0.17715906359357037,,
optimizer_with_barrier,sampled_npg_logbarrier_handoff,sampled_pg_logbarrier_handoff,uniform,32,zero_s1_batch_fraction,100,0.0,0.0,0.0,0.0,,
optimizer_with_barrier,sampled_npg_logbarrier_handoff,sampled_pg_logbarrier_handoff,uniform,32,near_optimal_basin,100,0.89,1.0,0.8276031162455594,0.9523968837544406,,
optimizer_with_barrier,sampled_npg_logbarrier_handoff,sampled_pg_logbarrier_handoff,uniform,32,exact_mcnemar_p,100,3.2311742677852644e-27,,,,0,89
fixed_vs_handoff_euclidean,sampled_pg_logbarrier_fixed,sampled_pg_logbarrier_handoff,uniform,32,final_return,100,-0.16042699320563805,-0.1608550963443593,-0.1628692645204012,-0.1579847218908749,,
fixed_vs_handoff_euclidean,sampled_pg_logbarrier_fixed,sampled_pg_logbarrier_handoff,uniform,32,final_q,100,-0.19477631401946616,-0.19447687589070525,-0.19828446920934792,-0.1912681588295844,,
fixed_vs_handoff_euclidean,sampled_pg_logbarrier_fixed,sampled_pg_logbarrier_handoff,uniform,32,final_pi1_good,100,-0.14675475675363694,-0.14658636925612556,-0.14775788666869488,-0.145751626838579,,
fixed_vs_handoff_euclidean,sampled_pg_logbarrier_fixed,sampled_pg_logbarrier_handoff,uniform,32,zero_s1_batch_fraction,100,0.0,0.0,0.0,0.0,,
fixed_vs_handoff_euclidean,sampled_pg_logbarrier_fixed,sampled_pg_logbarrier_handoff,uniform,32,near_optimal_basin,100,0.0,0.0,0.0,0.0,,
fixed_vs_handoff_euclidean,sampled_pg_logbarrier_fixed,sampled_pg_logbarrier_handoff,uniform,32,exact_mcnemar_p,100,1.0,,,,0,0
fixed_vs_handoff_natural,sampled_npg_logbarrier_fixed,sampled_npg_logbarrier_handoff,uniform,32,final_return,100,-0.33687398552035147,-0.3422352378013133,-0.34539224354379894,-0.328355727496904,,
fixed_vs_handoff_natural,sampled_npg_logbarrier_fixed,sampled_npg_logbarrier_handoff,uniform,32,final_q,100,-0.3194145625215777,-0.3187692549536316,-0.3313802575141858,-0.30744886752896955,,
fixed_vs_handoff_natural,sampled_npg_logbarrier_fixed,sampled_npg_logbarrier_handoff,uniform,32,final_pi1_good,100,-0.21053894364080394,-0.2108738365127193,-0.21523369650522778,-0.2058441907763801,,
fixed_vs_handoff_natural,sampled_npg_logbarrier_fixed,sampled_npg_logbarrier_handoff,uniform,32,zero_s1_batch_fraction,100,0.0,0.0,0.0,0.0,,
fixed_vs_handoff_natural,sampled_npg_logbarrier_fixed,sampled_npg_logbarrier_handoff,uniform,32,near_optimal_basin,100,-0.89,-1.0,-0.9523968837544406,-0.8276031162455594,,
fixed_vs_handoff_natural,sampled_npg_logbarrier_fixed,sampled_npg_logbarrier_handoff,uniform,32,exact_mcnemar_p,100,3.2311742677852644e-27,,,,89,0
barrier_within_euclidean,sampled_pg_logbarrier_handoff,sampled_pg_reward_only,uniform,128,final_return,100,-0.03966248488047734,-0.04018897645794561,-0.04116528134606098,-0.0381596884148937,,
barrier_within_euclidean,sampled_pg_logbarrier_handoff,sampled_pg_reward_only,uniform,128,final_q,100,-0.039273673180773655,-0.04010953134497941,-0.041486503854589955,-0.037060842506957355,,
barrier_within_euclidean,sampled_pg_logbarrier_handoff,sampled_pg_reward_only,uniform,128,final_pi1_good,100,-0.027430656746965675,-0.0276583771189316,-0.028162595243447535,-0.026698718250483814,,
barrier_within_euclidean,sampled_pg_logbarrier_handoff,sampled_pg_reward_only,uniform,128,zero_s1_batch_fraction,100,0.0,0.0,0.0,0.0,,
barrier_within_euclidean,sampled_pg_logbarrier_handoff,sampled_pg_reward_only,uniform,128,near_optimal_basin,100,0.0,0.0,0.0,0.0,,
barrier_within_euclidean,sampled_pg_logbarrier_handoff,sampled_pg_reward_only,uniform,128,exact_mcnemar_p,100,1.0,,,,0,0
barrier_within_natural,sampled_npg_logbarrier_handoff,sampled_npg_reward_only,uniform,128,final_return,100,-0.0029551554958694858,-0.0040814854974629555,-0.006211496718141892,0.0003011857264029207,,
barrier_within_natural,sampled_npg_logbarrier_handoff,sampled_npg_reward_only,uniform,128,final_q,100,-0.00015942416072744714,0.002185574707575355,-0.005021437439468392,0.004702589118013498,,
barrier_within_natural,sampled_npg_logbarrier_handoff,sampled_npg_reward_only,uniform,128,final_pi1_good,100,-0.002207747928841387,-0.002068619706327657,-0.0030350553322278954,-0.0013804405254548785,,
barrier_within_natural,sampled_npg_logbarrier_handoff,sampled_npg_reward_only,uniform,128,zero_s1_batch_fraction,100,0.0,0.0,0.0,0.0,,
barrier_within_natural,sampled_npg_logbarrier_handoff,sampled_npg_reward_only,uniform,128,near_optimal_basin,100,0.0,0.0,0.0,0.0,,
barrier_within_natural,sampled_npg_logbarrier_handoff,sampled_npg_reward_only,uniform,128,exact_mcnemar_p,100,1.0,,,,0,0
optimizer_reward_only,sampled_npg_reward_only,sampled_pg_reward_only,uniform,128,final_return,100,0.27758600032951314,0.2762887006253129,0.2746199165574303,0.280552084101596,,
optimizer_reward_only,sampled_npg_reward_only,sampled_pg_reward_only,uniform,128,final_q,100,0.24867336945525878,0.24666804736299808,0.24425936885953067,0.25308737005098686,,
optimizer_reward_only,sampled_npg_reward_only,sampled_pg_reward_only,uniform,128,final_pi1_good,100,0.1509920792718321,0.15009428766936173,0.14963027443151122,0.152353884112153,,
optimizer_reward_only,sampled_npg_reward_only,sampled_pg_reward_only,uniform,128,zero_s1_batch_fraction,100,0.0,0.0,0.0,0.0,,
optimizer_reward_only,sampled_npg_reward_only,sampled_pg_reward_only,uniform,128,near_optimal_basin,100,1.0,1.0,1.0,1.0,,
optimizer_reward_only,sampled_npg_reward_only,sampled_pg_reward_only,uniform,128,exact_mcnemar_p,100,1.5777218104420236e-30,,,,0,100
optimizer_with_barrier,sampled_npg_logbarrier_handoff,sampled_pg_logbarrier_handoff,uniform,128,final_return,100,0.314293329714121,0.31254002523375646,0.31123775602769943,0.31734890340054256,,
optimizer_with_barrier,sampled_npg_logbarrier_handoff,sampled_pg_logbarrier_handoff,uniform,128,final_q,100,0.287787618475305,0.2876552133141625,0.2833580116219884,0.29221722532862154,,
optimizer_with_barrier,sampled_npg_logbarrier_handoff,sampled_pg_logbarrier_handoff,uniform,128,final_pi1_good,100,0.1762149880899564,0.17581252061142177,0.17511483103730838,0.1773151451426044,,
optimizer_with_barrier,sampled_npg_logbarrier_handoff,sampled_pg_logbarrier_handoff,uniform,128,zero_s1_batch_fraction,100,0.0,0.0,0.0,0.0,,
optimizer_with_barrier,sampled_npg_logbarrier_handoff,sampled_pg_logbarrier_handoff,uniform,128,near_optimal_basin,100,1.0,1.0,1.0,1.0,,
optimizer_with_barrier,sampled_npg_logbarrier_handoff,sampled_pg_logbarrier_handoff,uniform,128,exact_mcnemar_p,100,1.5777218104420236e-30,,,,0,100
fixed_vs_handoff_euclidean,sampled_pg_logbarrier_fixed,sampled_pg_logbarrier_handoff,uniform,128,final_return,100,-0.15880386680784958,-0.15894807626568053,-0.15996752467855427,-0.1576402089371449,,
fixed_vs_handoff_euclidean,sampled_pg_logbarrier_fixed,sampled_pg_logbarrier_handoff,uniform,128,final_q,100,-0.19249914882332633,-0.19205038578642372,-0.19422952886126407,-0.1907687687853886,,
fixed_vs_handoff_euclidean,sampled_pg_logbarrier_fixed,sampled_pg_logbarrier_handoff,uniform,128,final_pi1_good,100,-0.14682712961051636,-0.14717892860011594,-0.14730610154391102,-0.1463481576771217,,
fixed_vs_handoff_euclidean,sampled_pg_logbarrier_fixed,sampled_pg_logbarrier_handoff,uniform,128,zero_s1_batch_fraction,100,0.0,0.0,0.0,0.0,,
fixed_vs_handoff_euclidean,sampled_pg_logbarrier_fixed,sampled_pg_logbarrier_handoff,uniform,128,near_optimal_basin,100,0.0,0.0,0.0,0.0,,
fixed_vs_handoff_euclidean,sampled_pg_logbarrier_fixed,sampled_pg_logbarrier_handoff,uniform,128,exact_mcnemar_p,100,1.0,,,,0,0
fixed_vs_handoff_natural,sampled_npg_logbarrier_fixed,sampled_npg_logbarrier_handoff,uniform,128,final_return,100,-0.3572314704199356,-0.3568057073643009,-0.3618519309911837,-0.3526110098486875,,
fixed_vs_handoff_natural,sampled_npg_logbarrier_fixed,sampled_npg_logbarrier_handoff,uniform,128,final_q,100,-0.3487714462403862,-0.3456042705089565,-0.3569275628801623,-0.3406153296006101,,
fixed_vs_handoff_natural,sampled_npg_logbarrier_fixed,sampled_npg_logbarrier_handoff,uniform,128,final_pi1_good,100,-0.22531516074831512,-0.22498113843935597,-0.22831466002362202,-0.2223156614730082,,
fixed_vs_handoff_natural,sampled_npg_logbarrier_fixed,sampled_npg_logbarrier_handoff,uniform,128,zero_s1_batch_fraction,100,0.0,0.0,0.0,0.0,,
fixed_vs_handoff_natural,sampled_npg_logbarrier_fixed,sampled_npg_logbarrier_handoff,uniform,128,near_optimal_basin,100,-1.0,-1.0,-1.0,-1.0,,
fixed_vs_handoff_natural,sampled_npg_logbarrier_fixed,sampled_npg_logbarrier_handoff,uniform,128,exact_mcnemar_p,100,1.5777218104420236e-30,,,,100,0
