level,label,beta,seed,status,completed_updates,failure_reason,deterministic_return,paired_return_difference_vs_reward_only,strict_solved,near_solved,numerical_rank,full_numerical_rank,effective_rank,minimum_eigenvalue,positive_condition_number,log10_positive_condition_number,components_90
reward_only,Reward only,0.0,24,completed,400,,-113.13,0.0,False,True,18,False,1.0107016473716686,-2.5621227401542543e-16,40357755002832.7,13.60592699956192,1
reward_only,Reward only,0.0,25,completed,400,,-115.88,0.0,False,False,25,False,1.1679550188831003,-5.199830351674805e-16,52424431033957.32,13.719533725734356,1
reward_only,Reward only,0.0,26,completed,400,,-108.69,0.0,True,True,24,False,1.0875744315520084,-3.8258989241643205e-15,84724359556768.25,13.92800829462936,1
reward_only,Reward only,0.0,27,completed,400,,-161.78,0.0,False,False,24,False,1.1943038216864628,-7.682704377097882e-15,19050324649082.137,13.27990238117193,1
reward_only,Reward only,0.0,28,completed,400,,-115.67,0.0,False,False,26,False,1.0930395461141087,-6.0535428256010655e-16,104519623272934.42,14.019197835701474,1
reward_only,Reward only,0.0,29,completed,400,,-162.14,0.0,False,False,30,False,1.1644941558027102,-7.482031213597465e-16,79153748463475.62,13.898471486456184,1
5pct,5%,9.60723758523756e-08,24,completed,400,,-111.63,1.5,False,True,42,True,1.7170791081954377,1.30390889592938e-11,2759951579189.839,12.440901462835098,2
5pct,5%,9.60723758523756e-08,25,completed,400,,-141.16,-25.28,False,False,39,False,1.697748359904335,7.205702435357731e-15,105988768606695.88,14.025259846485826,2
5pct,5%,9.60723758523756e-08,26,completed,400,,-133.53,-24.840000000000003,False,False,42,True,1.9963201807694233,1.7317868986956647e-11,2318363365029.4424,12.365181505423827,2
5pct,5%,9.60723758523756e-08,27,completed,400,,-143.98,17.80000000000001,False,False,41,False,1.9879334744367925,2.5755983903069825e-13,10996948331672.744,13.041272184559356,2
5pct,5%,9.60723758523756e-08,28,completed,400,,-114.49,1.1800000000000068,False,True,41,False,1.6538149875947468,1.9520450494848736e-13,60815026136181.39,13.784010897722904,2
5pct,5%,9.60723758523756e-08,29,completed,400,,-120.5,41.639999999999986,False,False,42,True,2.1839057579597725,3.9953031970053094e-10,65663514017.51644,10.817324120513035,3
10pct,10%,1.921447517047512e-07,24,failed,383,strict_domain_failure,,,,,,,,,,,
10pct,10%,1.921447517047512e-07,25,completed,400,,-112.48,3.3999999999999915,False,True,37,False,1.449549139073076,4.508632528735901e-16,52946166899274.58,13.723834524316008,1
10pct,10%,1.921447517047512e-07,26,completed,400,,-156.28,-47.59,False,False,42,True,1.788594592602139,2.2079034994569445e-12,17810104379703.105,13.250666464740966,2
10pct,10%,1.921447517047512e-07,27,completed,400,,-112.54,49.239999999999995,False,True,42,True,1.5088624377992965,3.7028490527951814e-13,75626900258369.66,13.87867630020738,1
10pct,10%,1.921447517047512e-07,28,failed,206,strict_domain_failure,,,,,,,,,,,
10pct,10%,1.921447517047512e-07,29,completed,400,,-142.16,19.97999999999999,False,False,42,True,1.6350753192191823,2.0165444963609314e-11,2136796342805.8027,12.329763131705278,2
20pct,20%,3.842895034095024e-07,24,completed,400,,-113.14,-0.010000000000005116,False,True,42,True,1.5493164878553412,5.685014527429983e-11,690805944154.947,11.839356065870792,1
20pct,20%,3.842895034095024e-07,25,failed,271,strict_domain_failure,,,,,,,,,,,
20pct,20%,3.842895034095024e-07,26,completed,400,,-114.24,-5.549999999999997,False,True,42,True,1.7551723500363936,8.369164637327028e-12,3607880386184.711,12.55725213073214,2
20pct,20%,3.842895034095024e-07,27,failed,260,strict_domain_failure,,,,,,,,,,,
20pct,20%,3.842895034095024e-07,28,completed,400,,-110.66,5.010000000000005,False,True,42,True,1.490335579713211,1.4855132111176522e-12,24268427003689.05,13.385041627763458,1
20pct,20%,3.842895034095024e-07,29,completed,400,,-117.11,45.02999999999999,False,False,42,True,2.3065198084821614,1.1364170307173474e-08,2787586719.4004593,9.445228386790307,3
35pct,35%,6.725066309666292e-07,24,completed,400,,-118.39,-5.260000000000005,False,False,42,True,2.1106246183724844,2.260947567066281e-10,165094704264.6797,11.217733142641874,3
35pct,35%,6.725066309666292e-07,25,completed,400,,-111.05,4.829999999999998,False,True,42,True,1.8338383509148481,1.4082235881519372e-12,17290387765708.291,13.237804733159347,2
35pct,35%,6.725066309666292e-07,26,completed,400,,-113.86,-5.170000000000002,False,True,42,True,2.1864250459893744,4.858252106130117e-11,568993477387.2734,11.755107287922398,3
35pct,35%,6.725066309666292e-07,27,completed,400,,-128.04,33.74000000000001,False,False,41,False,1.6662930428910276,8.081297429603112e-14,90446854668978.98,13.956393468667834,2
35pct,35%,6.725066309666292e-07,28,completed,400,,-107.07,8.600000000000009,True,True,41,False,1.6686495178171432,5.2961445509872036e-14,16875165326053.229,13.22724803630845,2
35pct,35%,6.725066309666292e-07,29,completed,400,,-113.54,48.59999999999998,False,True,42,True,2.233863295709763,9.010168363697578e-12,2714841800615.0537,12.433744527434376,3
50pct,50%,9.60723758523756e-07,24,completed,400,,-122.41,-9.280000000000001,False,False,41,False,1.4075762287703586,1.5474804369821808e-15,4041293618220.783,12.606520405043149,1
50pct,50%,9.60723758523756e-07,25,completed,400,,-115.05,0.8299999999999983,False,False,42,True,1.8518460009431992,5.678414394409578e-11,653442511426.8544,11.81520738523205,2
50pct,50%,9.60723758523756e-07,26,completed,400,,-151.76,-43.06999999999999,False,False,42,True,2.073993896148265,6.854245879938568e-10,48040692697.32039,10.681609260855243,2
50pct,50%,9.60723758523756e-07,27,completed,400,,-112.74,49.040000000000006,False,True,38,False,2.0763863535587,4.790491951477509e-15,13702154452707.305,13.136788858642454,2
50pct,50%,9.60723758523756e-07,28,completed,400,,-116.35,-0.6799999999999926,False,False,42,True,1.5073220992305347,1.656157747942896e-11,2895024192557.652,12.461652197303659,1
50pct,50%,9.60723758523756e-07,29,completed,400,,-114.57,47.56999999999999,False,True,42,True,1.73613962449113,5.992351964463222e-11,438203013055.658,11.641675359415803,2
