iteration,train_reward,best_reward,kl,grad_norm,nat_grad_norm,entropy,mean_std,return_mean,return_std,episode_len,rollout_time,update_time,total_time
0,7.2765,7.2765,4.449486e-04,5.374558e+00,1.174861e+01,2.763256,0.60783,1.8491,3.4615,15.15,0.2103,0.0593,0.2696
1,7.6894,7.6894,7.036684e-04,8.274070e+00,1.077468e+01,2.767642,0.608724,2.2742,4.0584,15.37,0.2056,0.0082,0.2137
2,7.9643,7.9643,5.106109e-04,6.111828e+00,1.062262e+01,2.769312,0.609054,2.6588,4.142,15.16,0.1415,0.0082,0.1497
3,7.793,7.9643,4.378346e-04,6.243101e+00,1.144589e+01,2.771312,0.609461,2.1679,3.9909,15.84,0.1549,0.0085,0.1635
4,9.0838,9.0838,6.292632e-04,7.303383e+00,1.315670e+01,2.768813,0.608968,3.121,4.3903,16.63,0.1376,0.0091,0.1467
5,9.1447,9.1447,8.412713e-04,7.277253e+00,1.530266e+01,2.772037,0.609619,3.3603,5.7537,17.3,0.1727,0.0086,0.1814
6,10.5548,10.5548,8.249934e-04,7.215521e+00,1.467276e+01,2.771513,0.609533,4.8194,8.0294,17.39,0.1479,0.0088,0.1567
7,10.1985,10.5548,6.781345e-04,6.614582e+00,1.258220e+01,2.769977,0.609212,3.63,5.2599,18.28,0.1518,0.0077,0.1595
8,13.4608,13.4608,8.361968e-04,6.831195e+00,1.630368e+01,2.77141,0.609534,8.2822,13.9,20.5,0.2292,0.0108,0.2401
9,14.4489,14.4489,6.824876e-04,4.897434e+00,2.197985e+01,2.767366,0.60872,11.7873,26.6721,20.23,0.2713,0.0113,0.2826
10,19.389,19.389,1.121122e-03,8.590148e+00,1.674856e+01,2.769754,0.609213,14.9521,21.4385,23.13,0.288,0.0111,0.2991
11,19.3161,19.389,9.039761e-04,7.020697e+00,1.967781e+01,2.762215,0.607733,14.6048,22.1513,24.78,0.3466,0.0115,0.3581
12,21.8876,21.8876,8.485711e-04,8.488266e+00,1.804530e+01,2.76111,0.607477,18.7951,27.8962,24.8,0.326,0.0121,0.3381
13,24.668,24.668,1.204846e-03,9.352903e+00,2.028870e+01,2.768127,0.608928,19.13,25.7649,27.54,0.32,0.0124,0.3324
14,35.6232,35.6232,1.864211e-03,1.058122e+01,2.392889e+01,2.756246,0.606489,33.056,36.7391,32.41,0.4675,0.0149,0.4824
15,43.8169,43.8169,2.448594e-03,1.262631e+01,2.362926e+01,2.757391,0.606769,32.4931,31.1581,37.2,0.3958,0.0144,0.4102
16,63.4805,63.4805,2.261046e-03,8.076436e+00,2.335781e+01,2.744461,0.604174,45.9576,38.8871,48.29,0.4546,0.0177,0.4722
17,88.3813,88.3813,3.412191e-03,1.262590e+01,3.125212e+01,2.727787,0.600911,59.5294,43.5479,58.48,0.5356,0.0211,0.5567
18,112.599,112.599,4.529485e-03,1.494078e+01,3.550815e+01,2.719428,0.599299,68.4442,45.5405,70.59,0.5882,0.0247,0.6129
19,129.4604,129.4604,4.951436e-03,1.335140e+01,4.393066e+01,2.692372,0.593825,74.5305,45.3987,77.45,0.592,0.0262,0.6182
20,160.8106,160.8106,5.418871e-03,1.145076e+01,4.878104e+01,2.673866,0.590433,86.133,47.9193,90.89,0.5789,0.0273,0.6062
21,186.9797,186.9797,4.115079e-03,1.301550e+01,5.158571e+01,2.655605,0.586808,94.2462,49.9525,101.29,0.6348,0.0301,0.6649
22,207.2576,207.2576,2.846737e-03,6.826529e+00,4.673572e+01,2.666234,0.588977,99.9226,50.2247,109.12,0.6281,0.035,0.6632
23,211.6091,211.6091,3.893650e-03,1.322089e+01,5.191524e+01,2.656981,0.587077,102.2914,51.6264,111.1,0.6764,0.0326,0.709
24,208.5719,211.6091,7.262067e-03,1.774976e+01,5.658758e+01,2.641445,0.583987,100.7237,51.4612,110.16,0.6308,0.0288,0.6596
25,215.4167,215.4167,6.146667e-03,1.185561e+01,6.266681e+01,2.636181,0.583134,102.0465,50.2069,112.42,0.5928,0.0324,0.6252
26,230.1788,230.1788,4.584695e-03,1.181448e+01,5.898144e+01,2.63436,0.582692,108.0972,52.6478,119.14,0.6892,0.0335,0.7227
27,239.047,239.047,5.163955e-03,1.199628e+01,5.778499e+01,2.63258,0.582223,110.4308,52.9466,124.25,0.6771,0.034,0.711
28,238.5365,239.047,7.955432e-03,1.228270e+01,5.929819e+01,2.630176,0.58204,111.255,54.0894,122.98,0.75,0.034,0.784
29,247.4483,247.4483,6.762541e-03,2.523434e+01,6.109692e+01,2.632044,0.58221,114.9942,55.3063,126.79,0.7655,0.0373,0.8028
30,267.4652,267.4652,7.119074e-03,1.357862e+01,6.301942e+01,2.651402,0.586082,123.5618,57.2286,132.97,0.7541,0.037,0.7912
31,274.0321,274.0321,7.797126e-03,1.428008e+01,5.952059e+01,2.666752,0.589063,126.1336,57.6464,136.41,0.8101,0.0397,0.8498
32,275.5485,275.5485,5.053179e-03,1.677442e+01,6.180902e+01,2.662441,0.588064,127.1377,58.681,136.2,0.9061,0.0389,0.945
33,277.8878,277.8878,1.618202e-02,1.631046e+01,7.239342e+01,2.673268,0.590495,128.7935,58.9336,136.95,0.7921,0.0387,0.8308
34,289.4159,289.4159,7.803629e-03,1.934121e+01,6.215128e+01,2.687873,0.593263,133.1546,60.4809,142.47,0.9804,0.0408,1.0211
35,296.5091,296.5091,1.360095e-02,2.368460e+01,6.944331e+01,2.677797,0.591184,135.4029,61.2517,147.72,0.9775,0.0442,1.0216
36,322.0965,322.0965,1.843388e-02,2.526725e+01,8.196091e+01,2.657456,0.587121,145.313,65.9073,158.75,1.2295,0.0537,1.2832
37,320.407,322.0965,1.608764e-02,2.624242e+01,7.583474e+01,2.649501,0.585338,145.1247,69.5844,156.34,1.1662,0.0437,1.2099
38,349.6723,349.6723,1.281581e-02,2.022346e+01,7.603453e+01,2.660766,0.58738,156.8979,76.181,165.45,1.1823,0.0498,1.2321
39,364.3306,364.3306,1.614201e-02,2.787633e+01,8.551192e+01,2.658638,0.587211,162.7837,78.9879,169.19,1.2618,0.0519,1.3137
40,407.1522,407.1522,1.622487e-02,2.721373e+01,8.364127e+01,2.671,0.589724,180.2859,88.0341,184.97,1.2446,0.063,1.3075
41,477.6736,477.6736,2.508223e-02,3.615724e+01,9.549491e+01,2.646285,0.584742,203.5358,96.9461,212.37,1.765,0.0634,1.8285
42,485.3406,485.3406,1.755072e-02,4.927027e+01,8.970495e+01,2.641953,0.584279,206.9688,103.5692,216.6,1.7212,0.0651,1.7863
43,690.5703,690.5703,4.768482e-02,3.729326e+01,1.239093e+02,2.619407,0.579497,255.9839,113.2685,296.54,2.0538,0.0815,2.1353
44,752.7568,752.7568,3.511411e-02,2.745885e+01,1.224169e+02,2.597834,0.575522,274.5005,122.1422,312.16,1.9872,0.0857,2.0729
45,621.7796,752.7568,2.722569e-02,6.868478e+01,1.090525e+02,2.600388,0.575829,252.1344,115.8777,250.86,1.952,0.0673,2.0194
46,685.8198,752.7568,5.756561e-02,4.596498e+01,1.283831e+02,2.579508,0.571701,264.0828,121.7849,280.67,2.0359,0.0739,2.1098
47,606.5934,752.7568,2.926548e-02,5.531861e+01,1.021972e+02,2.527385,0.562179,254.978,127.9138,246.88,1.9136,0.0651,1.9787
48,950.5337,950.5337,4.450658e-02,6.271639e+01,1.410906e+02,2.518291,0.560096,308.2379,130.5403,379.53,1.9714,0.0981,2.0695
49,1021.1999,1021.1999,4.875034e-02,5.474909e+01,1.501980e+02,2.515469,0.559881,322.732,133.1732,394.45,1.9454,0.1029,2.0483
50,1063.0797,1063.0797,5.825928e-02,8.034100e+01,1.438258e+02,2.561123,0.567926,305.5322,129.2628,447.48,1.947,0.1276,2.0746
51,1060.1722,1063.0797,5.585546e-02,7.492704e+01,1.666916e+02,2.553001,0.566993,323.9989,130.9223,417.86,1.9949,0.1005,2.0954
52,1037.5861,1063.0797,7.189202e-02,6.746632e+01,1.524595e+02,2.541977,0.565107,304.8686,128.3613,434.87,2.0267,0.1029,2.1296
53,960.3576,1063.0797,6.085430e-02,1.281797e+02,1.483842e+02,2.556032,0.567652,331.6261,141.3914,346.8,2.0588,0.0886,2.1475
54,1236.6318,1236.6318,4.660050e-02,7.561526e+01,1.551337e+02,2.548126,0.565925,359.9837,136.5618,449.79,1.9644,0.1184,2.0827
55,1215.0229,1236.6318,6.773048e-02,4.392926e+01,1.767165e+02,2.540703,0.564891,358.8771,136.7368,438.23,2.0525,0.1033,2.1558
56,1197.1018,1236.6318,7.977660e-02,1.188227e+02,1.694220e+02,2.540344,0.56441,363.5745,141.6635,426.49,1.9799,0.1014,2.0813
57,1273.2314,1273.2314,8.565873e-02,8.054834e+01,1.690325e+02,2.47026,0.551407,371.3885,140.7101,448.82,2.3005,0.1224,2.423
58,1205.7804,1273.2314,5.281217e-02,7.667491e+01,1.587145e+02,2.49107,0.554864,347.2004,136.2086,454.93,2.0844,0.1159,2.2003
59,1136.9946,1273.2314,7.913235e-02,5.604435e+01,1.693358e+02,2.4438,0.546682,350.2009,140.6375,421.07,2.0857,0.1019,2.1876
60,1224.0356,1273.2314,9.931604e-02,7.909093e+01,1.700524e+02,2.434239,0.54445,353.1409,135.6597,454.95,2.0898,0.1082,2.1981
61,1204.1455,1273.2314,5.472357e-02,9.576544e+01,1.723221e+02,2.484762,0.554006,354.1595,139.3128,443.88,2.0831,0.1056,2.1887
62,1204.694,1273.2314,6.236357e-02,7.819362e+01,1.600775e+02,2.492352,0.555399,366.3449,143.4071,423.5,2.0609,0.1017,2.1625
63,1133.1736,1273.2314,4.780444e-02,5.916638e+01,1.579029e+02,2.526569,0.561743,360.2676,140.9596,398.5,2.0364,0.0976,2.1341
64,1141.3609,1273.2314,7.199275e-02,1.010583e+02,1.737208e+02,2.501734,0.557276,362.1384,139.1346,400.69,2.1926,0.0981,2.2906
65,1223.924,1273.2314,5.420091e-02,5.905054e+01,1.701960e+02,2.502053,0.557278,357.9767,135.7211,444.45,2.1463,0.1063,2.2527
66,1191.2424,1273.2314,6.528328e-02,6.349012e+01,1.785814e+02,2.500422,0.557106,359.014,136.5166,429.68,2.0596,0.1017,2.1613
67,1101.8553,1273.2314,6.903242e-02,1.313747e+02,1.634022e+02,2.518498,0.560083,349.9969,142.2403,397.81,2.0828,0.0966,2.1793
68,1174.191,1273.2314,6.490980e-02,1.172461e+02,1.628503e+02,2.483509,0.553888,364.6635,139.2167,407.64,2.2184,0.1045,2.3229
69,1292.7065,1292.7065,7.924137e-02,1.856861e+02,1.667880e+02,2.466208,0.550333,377.6148,142.2102,448.43,2.2237,0.1091,2.3329
70,1286.4615,1292.7065,8.629864e-02,1.188351e+02,1.706560e+02,2.476858,0.552254,361.0153,140.6515,470.38,2.0287,0.1188,2.1475
71,1242.7913,1292.7065,6.069545e-02,6.916480e+01,1.798994e+02,2.460921,0.549493,379.882,147.6296,420.09,2.1053,0.1004,2.2057
72,1342.8842,1342.8842,7.528225e-02,1.112405e+02,1.750730e+02,2.479381,0.552792,386.4269,148.971,458.64,2.0784,0.1135,2.1919
73,1303.7777,1342.8842,9.839120e-02,1.170978e+02,1.804813e+02,2.522278,0.560764,392.1011,149.2426,429.2,2.1197,0.1195,2.2392
74,1211.3509,1342.8842,8.457717e-02,1.021552e+02,1.718091e+02,2.499141,0.55704,381.0336,147.8899,396.52,2.4751,0.0949,2.5701
75,1229.6669,1342.8842,7.907248e-02,1.444700e+02,1.682729e+02,2.50675,0.558062,381.8381,151.0254,412.34,2.1038,0.1114,2.2152
76,1366.5,1366.5,7.606760e-02,8.108602e+01,1.657610e+02,2.474231,0.552081,384.8727,145.3051,473.89,2.5067,0.1231,2.6297
77,1095.3909,1366.5,6.293661e-02,1.799193e+02,1.568599e+02,2.457674,0.54923,356.4394,150.0512,381.38,2.0075,0.0927,2.1001
78,1209.7651,1366.5,7.258458e-02,9.745229e+01,1.665903e+02,2.422318,0.542461,371.421,144.4798,418.3,2.1783,0.1003,2.2786
79,1204.8849,1366.5,7.774356e-02,8.411530e+01,1.732455e+02,2.368458,0.533058,370.8485,144.4445,419.46,2.0788,0.102,2.1808
80,1274.3805,1366.5,6.587964e-02,7.422955e+01,1.617049e+02,2.374712,0.533909,374.1304,143.8858,450.29,2.0886,0.1064,2.195
81,1227.4744,1366.5,6.544770e-02,1.906607e+02,1.586199e+02,2.336159,0.527027,374.7469,150.8891,422.48,2.2096,0.1091,2.3188
82,1316.9115,1366.5,7.687012e-02,1.174853e+02,1.658934e+02,2.340889,0.528419,380.8986,145.3851,456.09,2.5172,0.118,2.6352
83,1228.9541,1366.5,9.395801e-02,1.340346e+02,1.595774e+02,2.32193,0.524429,371.3542,151.1116,427.0,2.0379,0.1034,2.1413
84,1321.0383,1366.5,6.694128e-02,9.853779e+01,1.637572e+02,2.347477,0.528884,393.1903,148.8427,434.7,2.0522,0.1086,2.1608
85,1313.2683,1366.5,7.182181e-02,1.814155e+02,1.629337e+02,2.307976,0.522509,390.454,149.5647,435.37,2.1467,0.1039,2.2506
86,1225.0759,1366.5,8.998556e-02,1.314225e+02,1.717319e+02,2.309395,0.522636,381.0587,146.8037,406.12,2.1311,0.1112,2.2423
87,1268.004,1366.5,8.526044e-02,1.590520e+02,1.794007e+02,2.286018,0.518416,382.0021,147.3407,431.39,2.4769,0.1108,2.5877
88,1343.2831,1366.5,6.018201e-02,1.535297e+02,1.552905e+02,2.298249,0.520791,376.1481,144.7247,474.52,2.0789,0.1207,2.1996
89,1338.1293,1366.5,7.562461e-02,1.194044e+02,1.748913e+02,2.295016,0.520101,381.8374,146.2483,465.67,2.1334,0.1126,2.246
90,1314.585,1366.5,7.219902e-02,1.561520e+02,1.697421e+02,2.306694,0.521751,378.1052,146.9181,458.31,2.1399,0.1112,2.2512
91,1224.302,1366.5,6.273800e-02,1.228762e+02,1.644669e+02,2.275701,0.516573,367.8618,144.1199,430.51,2.109,0.1039,2.2128
92,1203.366,1366.5,7.314833e-02,9.264336e+01,1.624883e+02,2.30439,0.521601,368.3379,145.9743,424.16,2.0763,0.1016,2.1779
93,1319.9419,1366.5,8.915174e-02,1.426697e+02,1.747232e+02,2.32256,0.525107,385.2492,147.2098,451.1,2.1155,0.1063,2.2218
94,1355.5174,1366.5,4.899975e-02,1.886471e+02,1.544244e+02,2.318305,0.524125,385.9977,148.6466,464.36,1.986,0.109,2.0949
95,1408.7949,1408.7949,6.936990e-02,1.959553e+02,1.627525e+02,2.372645,0.533852,390.0319,149.1165,482.45,2.0451,0.1275,2.1726
96,1417.3245,1417.3245,5.880947e-02,1.256164e+02,1.665429e+02,2.387561,0.536458,393.9901,149.5237,479.26,1.9838,0.1155,2.0993
97,1314.8465,1417.3245,7.431456e-02,1.981910e+02,1.719646e+02,2.3445,0.528657,391.5613,152.7188,439.0,1.9845,0.1071,2.0915
98,1411.1725,1417.3245,6.648068e-02,1.043756e+02,1.780493e+02,2.35091,0.529533,399.9682,151.1578,466.84,1.959,0.1106,2.0696
99,1319.7722,1417.3245,7.322007e-02,1.330264e+02,1.618803e+02,2.381359,0.535552,397.2948,157.7283,435.01,2.0356,0.1069,2.1425
100,1231.1772,1417.3245,7.583524e-02,1.579451e+02,1.666928e+02,2.414385,0.54146,385.062,154.885,401.41,2.0742,0.0969,2.1711
101,1370.0561,1417.3245,7.443737e-02,1.088714e+02,1.695875e+02,2.405341,0.539757,402.023,156.3355,444.28,2.0315,0.109,2.1405
102,1369.354,1417.3245,5.260864e-02,2.035237e+02,1.571404e+02,2.418186,0.541841,399.4126,158.2728,448.94,1.9796,0.1093,2.0889
103,1411.6837,1417.3245,7.028822e-02,7.887217e+01,1.671843e+02,2.428471,0.544104,404.3282,157.4268,462.06,2.0803,0.1085,2.1888
104,1442.8891,1442.8891,8.391260e-02,2.045369e+02,1.716796e+02,2.408409,0.540799,404.7384,156.6043,473.48,2.0527,0.1119,2.1647
105,1220.735,1442.8891,8.320943e-02,1.536625e+02,1.711481e+02,2.358046,0.531301,382.4781,161.4676,410.44,2.0239,0.0985,2.1224
106,1341.0592,1442.8891,7.094575e-02,1.722745e+02,1.796189e+02,2.355996,0.531261,395.5856,159.1938,445.81,2.0218,0.1169,2.1387
107,1367.0066,1442.8891,6.557358e-02,1.866513e+02,1.604168e+02,2.358435,0.531439,397.9717,157.5992,447.76,2.0803,0.1063,2.1867
108,1422.032,1442.8891,7.066073e-02,2.301591e+02,1.624642e+02,2.325722,0.525873,399.8754,156.138,470.78,2.0946,0.1135,2.2081
109,1456.8026,1456.8026,8.317985e-02,1.801972e+02,1.595579e+02,2.31487,0.52349,403.6597,156.5166,482.77,2.1346,0.1326,2.2672
110,1165.6482,1456.8026,4.968452e-02,1.439097e+02,1.475018e+02,2.319752,0.524481,374.4479,156.4581,386.62,2.0724,0.0957,2.1681
111,1337.4676,1456.8026,7.076889e-02,1.489810e+02,1.692613e+02,2.321852,0.525102,391.7583,154.635,443.52,2.1599,0.1087,2.2687
112,1238.2726,1456.8026,5.987253e-02,2.263648e+02,1.548849e+02,2.350719,0.530253,379.3316,154.8612,419.0,2.4479,0.1019,2.5498
113,1264.4831,1456.8026,7.436252e-02,2.203977e+02,1.706030e+02,2.333296,0.526967,382.2874,152.9108,428.5,2.0779,0.1031,2.181
114,1334.0215,1456.8026,7.326151e-02,1.703604e+02,1.715557e+02,2.321495,0.525166,386.6475,150.0748,453.59,2.0533,0.1094,2.1627
115,1329.575,1456.8026,6.181190e-02,1.631778e+02,1.585073e+02,2.331223,0.526802,389.7752,153.3019,448.26,2.0196,0.106,2.1256
116,1342.7418,1456.8026,7.627616e-02,1.315166e+02,1.543613e+02,2.308369,0.523389,394.3237,153.1036,440.87,2.127,0.106,2.2329
117,1193.8129,1456.8026,6.260118e-02,1.920560e+02,1.568399e+02,2.263636,0.515368,379.3903,155.4773,399.97,2.026,0.0978,2.1238
118,1309.176,1456.8026,6.837128e-02,2.189967e+02,1.651093e+02,2.2509,0.513017,394.0709,157.1714,429.55,2.2685,0.1164,2.3849
119,1257.7588,1456.8026,6.378863e-02,2.290602e+02,1.676348e+02,2.258795,0.514603,385.6588,157.2832,417.46,2.1223,0.1012,2.2235
120,1299.7107,1456.8026,7.434230e-02,1.616845e+02,1.630408e+02,2.25148,0.513022,388.7883,156.7895,433.89,2.2756,0.1093,2.385
121,1351.7116,1456.8026,5.732487e-02,1.898208e+02,1.568107e+02,2.245462,0.512102,394.3221,154.9887,450.21,2.4404,0.1124,2.5528
122,1412.1735,1456.8026,7.235425e-02,2.338664e+02,1.629476e+02,2.22591,0.508526,398.5571,154.7525,466.06,2.1047,0.1359,2.2406
123,1429.1441,1456.8026,9.216380e-02,1.939094e+02,1.649684e+02,2.229462,0.508691,400.0569,156.157,471.55,2.1025,0.1214,2.2239
124,1333.7987,1456.8026,5.996379e-02,1.015662e+02,1.576017e+02,2.228174,0.508567,394.5217,155.8954,443.18,2.0337,0.1064,2.1401
125,1320.2351,1456.8026,6.295335e-02,2.646461e+02,1.518698e+02,2.208076,0.505209,393.4021,154.2458,433.16,2.0553,0.103,2.1582
126,1377.033,1456.8026,5.312017e-02,1.454371e+02,1.633976e+02,2.2584,0.513792,398.005,158.3027,453.78,2.0322,0.1108,2.1429
127,1426.4909,1456.8026,5.831300e-02,1.762208e+02,1.580414e+02,2.348425,0.530357,401.1576,157.739,469.59,2.0934,0.1142,2.2076
128,1377.2335,1456.8026,8.350768e-02,3.511674e+02,1.484941e+02,2.328671,0.526222,400.5452,159.5123,446.67,2.1977,0.111,2.3087
129,1338.9823,1456.8026,5.797948e-02,1.979306e+02,1.639578e+02,2.344772,0.529384,397.9463,160.6064,433.16,2.1317,0.1047,2.2363
130,1344.674,1456.8026,6.555091e-02,1.619817e+02,1.679344e+02,2.328754,0.526235,399.9076,161.1753,437.59,2.3824,0.1105,2.4929
131,1302.5849,1456.8026,7.433686e-02,2.021185e+02,1.627283e+02,2.350042,0.530451,396.3054,159.6216,420.22,2.3238,0.1063,2.4301
132,1316.2047,1456.8026,6.632197e-02,2.326367e+02,1.626560e+02,2.364289,0.533101,396.1481,159.0993,423.49,2.4977,0.1047,2.6024
133,1336.6253,1456.8026,7.464909e-02,1.726793e+02,1.743420e+02,2.350336,0.531065,401.3425,157.4158,426.14,2.2258,0.1068,2.3326
134,1304.1666,1456.8026,5.949234e-02,3.192557e+02,1.505937e+02,2.355231,0.531446,396.911,160.1708,426.28,2.2125,0.1052,2.3178
135,1371.8844,1456.8026,6.974087e-02,1.741239e+02,1.556452e+02,2.363142,0.5331,403.6532,159.3283,442.62,2.1887,0.1121,2.3007
136,1381.6214,1456.8026,7.312065e-02,2.705368e+02,1.514108e+02,2.369146,0.533865,404.3185,160.686,447.34,2.3426,0.1122,2.4547
137,1451.42,1456.8026,7.066885e-02,3.760262e+02,1.616247e+02,2.378808,0.536455,406.3154,158.7387,471.41,2.5018,0.1432,2.645
138,1481.8404,1481.8404,5.468604e-02,2.237137e+02,1.530612e+02,2.413125,0.541707,409.245,158.884,481.57,2.3196,0.1273,2.4468
139,1388.6516,1481.8404,7.729764e-02,2.368210e+02,1.571264e+02,2.425353,0.544089,403.5201,159.3492,448.32,2.3885,0.1109,2.4994
140,1390.6596,1481.8404,6.252033e-02,2.301672e+02,1.477239e+02,2.462679,0.550358,402.7602,159.6414,453.87,2.298,0.1146,2.4126
141,1377.0844,1481.8404,6.917910e-02,2.227205e+02,1.473463e+02,2.437077,0.546195,400.3303,160.3986,451.08,2.4693,0.1142,2.5835
142,1441.2182,1481.8404,5.032529e-02,1.969080e+02,1.446539e+02,2.461884,0.551226,404.368,160.0382,470.68,2.4358,0.1191,2.5548
143,1413.442,1481.8404,5.988781e-02,1.964393e+02,1.635304e+02,2.466633,0.552039,401.7552,158.9221,460.99,2.1421,0.1112,2.2532
144,1361.5683,1481.8404,7.733961e-02,2.792873e+02,1.637042e+02,2.446119,0.54857,401.9062,161.0152,446.02,2.4564,0.1102,2.5666
145,1393.7636,1481.8404,6.593027e-02,2.681802e+02,1.534965e+02,2.456133,0.550313,399.2912,158.9913,455.52,2.2887,0.1126,2.4014
146,1447.5762,1481.8404,7.034108e-02,1.492542e+02,1.513281e+02,2.436899,0.546821,407.561,160.4535,470.37,2.4069,0.1154,2.5222
147,1335.3433,1481.8404,9.334259e-02,2.469556e+02,1.673118e+02,2.427412,0.544282,400.4951,163.1633,434.87,2.1228,0.106,2.2288
148,1425.1476,1481.8404,6.674530e-02,2.257738e+02,1.609709e+02,2.413175,0.541667,404.8397,159.9437,463.0,2.2101,0.1194,2.3295
