run_label,method,seed,finite,learning_rate,final_stochastic_return,final_deterministic_return,final_stochastic_termination_rate,stochastic_return_auc,environment_steps,optimizer_updates,training_episodes,environment_step_return_auc,failure
reward_only,gpomdp_reward_only,1001,True,0.003,-95.5625,-90.75,1.0,-227.340625,1789985,1000,8000,-371.9678752196248,False
logbarrier_handoff_h25,gpomdp_logbarrier_handoff,1001,True,0.003,-82.8125,-87.9375,1.0,-165.308828125,1332197,1000,8000,-264.19792497843787,False
reward_only,gpomdp_reward_only,1002,True,0.003,-84.84375,-77.90625,1.0,-264.18515625,2116135,1000,8000,-399.6158385895749,False
logbarrier_handoff_h25,gpomdp_logbarrier_handoff,1002,True,0.003,-88.8125,-86.21875,1.0,-161.11021875,1306636,1000,8000,-246.00921984728342,False
reward_only,gpomdp_reward_only,1003,True,0.003,-92.21875,-85.5,1.0,-116.98671875,952245,1000,8000,-165.42191844995247,False
logbarrier_handoff_h25,gpomdp_logbarrier_handoff,1003,True,0.003,-77.65625,-83.0,1.0,-155.15684375,1234275,1000,8000,-219.53086648791802,False
reward_only,gpomdp_reward_only,1004,True,0.003,-80.28125,-85.0625,1.0,-110.3953125,890415,1000,8000,-137.65219755324765,False
logbarrier_handoff_h25,gpomdp_logbarrier_handoff,1004,True,0.003,-93.75,-79.65625,1.0,-143.530140625,1169463,1000,8000,-186.57892995011386,False
reward_only,gpomdp_reward_only,1005,True,0.003,-87.59375,-78.46875,1.0,-105.58046875,829863,1000,8000,-120.0477642092731,False
logbarrier_handoff_h25,gpomdp_logbarrier_handoff,1005,True,0.003,-89.65625,-81.34375,1.0,-143.92909375,1135157,1000,8000,-178.7680867464809,False
reward_only,gpomdp_reward_only,1006,True,0.003,-86.59375,-87.625,1.0,-234.76171875,1874319,1000,8000,-375.5658020076225,False
logbarrier_handoff_h25,gpomdp_logbarrier_handoff,1006,True,0.003,-87.8125,-79.875,1.0,-192.76303125,1574971,1000,8000,-331.27941402373443,False
reward_only,gpomdp_reward_only,1007,True,0.003,-84.375,-80.625,1.0,-121.32578125,961847,1000,8000,-175.78229699279095,False
logbarrier_handoff_h25,gpomdp_logbarrier_handoff,1007,True,0.003,-96.6875,-88.6875,1.0,-181.359953125,1430499,1000,8000,-299.7815178698133,False
reward_only,gpomdp_reward_only,1008,True,0.003,-81.53125,-80.09375,1.0,-106.18671875,831187,1000,8000,-119.29456206154572,False
logbarrier_handoff_h25,gpomdp_logbarrier_handoff,1008,True,0.003,-96.0625,-84.90625,0.96875,-142.5105625,1143867,1000,8000,-176.8270071498697,False
reward_only,gpomdp_reward_only,1009,True,0.003,-80.4375,-80.21875,1.0,-110.21484375,888624,1000,8000,-142.30375937967014,False
logbarrier_handoff_h25,gpomdp_logbarrier_handoff,1009,True,0.003,-90.9375,-88.25,1.0,-152.169984375,1203183,1000,8000,-212.24609477267796,False
reward_only,gpomdp_reward_only,1010,True,0.003,-80.6875,-79.78125,1.0,-116.375,935750,1000,8000,-164.90718481164842,False
logbarrier_handoff_h25,gpomdp_logbarrier_handoff,1010,True,0.003,-84.0625,-84.96875,1.0,-258.8751875,2102662,1000,8000,-397.1439110651759,False
reward_only,gpomdp_reward_only,1011,True,0.003,-82.0625,-86.84375,1.0,-107.6109375,846652,1000,8000,-128.3750431848032,False
logbarrier_handoff_h25,gpomdp_logbarrier_handoff,1011,True,0.003,-80.375,-80.78125,1.0,-143.977609375,1126206,1000,8000,-180.53946572052538,False
reward_only,gpomdp_reward_only,1012,True,0.003,-500.0,-500.0,0.0,-499.9078125,3999596,1000,8000,-499.907803188122,True
logbarrier_handoff_h25,gpomdp_logbarrier_handoff,1012,True,0.003,-87.3125,-83.875,1.0,-166.094609375,1344284,1000,8000,-260.7677430303976,False
reward_only,gpomdp_reward_only,1013,True,0.003,-90.96875,-81.28125,1.0,-150.64609375,1230786,1000,8000,-262.61843346446904,False
logbarrier_handoff_h25,gpomdp_logbarrier_handoff,1013,True,0.003,-89.9375,-86.6875,1.0,-174.20171875,1409334,1000,8000,-281.5682016514538,False
reward_only,gpomdp_reward_only,1014,True,0.003,-80.46875,-84.75,1.0,-114.45390625,938996,1000,8000,-156.30165390747138,False
logbarrier_handoff_h25,gpomdp_logbarrier_handoff,1014,True,0.003,-95.875,-80.84375,1.0,-155.398625,1279199,1000,8000,-226.41603190258124,False
reward_only,gpomdp_reward_only,1015,True,0.003,-93.71875,-84.53125,1.0,-108.84765625,894706,1000,8000,-142.18122157585844,False
logbarrier_handoff_h25,gpomdp_logbarrier_handoff,1015,True,0.003,-500.0,-500.0,0.0,-499.8796875,3998437,1000,8000,-499.879668300701,True
reward_only,gpomdp_reward_only,1016,True,0.003,-500.0,-500.0,0.0,-499.76875,3999934,1000,8000,-499.76876121581006,True
logbarrier_handoff_h25,gpomdp_logbarrier_handoff,1016,True,0.003,-97.5625,-86.0625,1.0,-350.0515625,2788677,1000,8000,-447.65419891538176,False
reward_only,gpomdp_reward_only,1017,True,0.003,-89.375,-88.09375,1.0,-121.9671875,977634,1000,8000,-179.75722199591053,False
logbarrier_handoff_h25,gpomdp_logbarrier_handoff,1017,True,0.003,-92.28125,-85.125,1.0,-160.1625,1248799,1000,8000,-230.46109175445767,False
reward_only,gpomdp_reward_only,1018,True,0.003,-86.9375,-87.3125,1.0,-177.2640625,1433962,1000,8000,-310.020205708903,False
logbarrier_handoff_h25,gpomdp_logbarrier_handoff,1018,True,0.003,-83.71875,-83.28125,1.0,-156.57925,1243259,1000,8000,-235.67520133827705,False
reward_only,gpomdp_reward_only,1019,True,0.003,-83.125,-80.40625,1.0,-191.19375,1559664,1000,8000,-330.6264311776447,False
logbarrier_handoff_h25,gpomdp_logbarrier_handoff,1019,True,0.003,-500.0,-500.0,0.0,-499.668265625,3996406,1000,8000,-499.6681570148591,True
reward_only,gpomdp_reward_only,1020,True,0.003,-83.9375,-81.4375,1.0,-136.640625,1111356,1000,8000,-235.08463319528127,False
logbarrier_handoff_h25,gpomdp_logbarrier_handoff,1020,True,0.003,-87.03125,-90.4375,1.0,-209.307265625,1677040,1000,8000,-353.9066533147689,False
reward_only,gpomdp_reward_only,1021,True,0.003,-84.25,-81.5,1.0,-110.7046875,882043,1000,8000,-134.3926286225558,False
logbarrier_handoff_h25,gpomdp_logbarrier_handoff,1021,True,0.003,-89.09375,-81.875,1.0,-146.1725625,1169889,1000,8000,-190.7089277273314,False
reward_only,gpomdp_reward_only,1022,True,0.003,-93.96875,-98.40625,1.0,-116.9296875,959959,1000,8000,-161.001381520591,False
logbarrier_handoff_h25,gpomdp_logbarrier_handoff,1022,True,0.003,-84.90625,-81.53125,1.0,-144.46690625,1191615,1000,8000,-193.83247242188122,False
reward_only,gpomdp_reward_only,1023,True,0.003,-82.40625,-85.125,1.0,-108.28828125,872689,1000,8000,-136.9608649960066,False
logbarrier_handoff_h25,gpomdp_logbarrier_handoff,1023,True,0.003,-79.125,-85.15625,1.0,-144.68578125,1157180,1000,8000,-188.13181015755976,False
reward_only,gpomdp_reward_only,1024,True,0.003,-85.21875,-82.125,1.0,-102.25859375,795100,1000,8000,-118.0610203708653,False
logbarrier_handoff_h25,gpomdp_logbarrier_handoff,1024,True,0.003,-86.28125,-88.65625,1.0,-139.638375,1109975,1000,8000,-178.30648042467172,False
reward_only,gpomdp_reward_only,1025,True,0.003,-91.1875,-85.25,1.0,-224.40625,1813837,1000,8000,-367.7410932080722,False
logbarrier_handoff_h25,gpomdp_logbarrier_handoff,1025,True,0.003,-83.21875,-81.8125,1.0,-197.788234375,1580213,1000,8000,-330.52784548467514,False
reward_only,gpomdp_reward_only,1026,True,0.003,-86.03125,-88.46875,1.0,-154.99765625,1249161,1000,8000,-259.4537984144958,False
logbarrier_handoff_h25,gpomdp_logbarrier_handoff,1026,True,0.003,-82.84375,-99.53125,1.0,-158.2565625,1248754,1000,8000,-222.51037914593266,False
reward_only,gpomdp_reward_only,1027,True,0.003,-82.375,-85.6875,1.0,-148.41640625,1156330,1000,8000,-256.4694852869639,False
logbarrier_handoff_h25,gpomdp_logbarrier_handoff,1027,True,0.003,-88.15625,-87.1875,1.0,-169.463921875,1367686,1000,8000,-270.111671819683,False
reward_only,gpomdp_reward_only,1028,True,0.003,-105.9375,-99.0,1.0,-414.384375,3291780,1000,8000,-471.73911048410736,False
logbarrier_handoff_h25,gpomdp_logbarrier_handoff,1028,True,0.003,-110.5625,-83.09375,1.0,-408.8953125,3249295,1000,8000,-470.390752594986,False
reward_only,gpomdp_reward_only,1029,True,0.003,-84.03125,-95.28125,1.0,-127.13828125,1028112,1000,8000,-196.3858689520208,False
logbarrier_handoff_h25,gpomdp_logbarrier_handoff,1029,True,0.003,-85.6875,-100.34375,1.0,-163.608109375,1317103,1000,8000,-252.68627836765614,False
reward_only,gpomdp_reward_only,1030,True,0.003,-86.90625,-89.03125,1.0,-104.171875,852249,1000,8000,-127.31452007790564,False
logbarrier_handoff_h25,gpomdp_logbarrier_handoff,1030,True,0.003,-86.9375,-85.625,1.0,-143.28140625,1158247,1000,8000,-186.1275500551696,False
reward_only,gpomdp_reward_only,1031,True,0.003,-500.0,-500.0,0.0,-500.0,3999653,1000,8000,-500.0,True
logbarrier_handoff_h25,gpomdp_logbarrier_handoff,1031,True,0.003,-83.96875,-83.03125,1.0,-166.91259375,1347133,1000,8000,-269.3647745805351,False
reward_only,gpomdp_reward_only,1032,True,0.003,-90.75,-83.40625,1.0,-237.35625,1924195,1000,8000,-378.2766711290306,False
logbarrier_handoff_h25,gpomdp_logbarrier_handoff,1032,True,0.003,-87.25,-82.4375,1.0,-257.9603125,2085908,1000,8000,-395.0496560955109,False
reward_only,gpomdp_reward_only,1033,True,0.003,-87.15625,-82.34375,1.0,-109.86171875,852902,1000,8000,-127.85942356580827,False
logbarrier_handoff_h25,gpomdp_logbarrier_handoff,1033,True,0.003,-82.71875,-79.21875,1.0,-142.436109375,1121364,1000,8000,-181.05565999031091,False
reward_only,gpomdp_reward_only,1034,True,0.003,-87.0625,-86.625,1.0,-129.58046875,1062325,1000,8000,-203.8615464458852,False
logbarrier_handoff_h25,gpomdp_logbarrier_handoff,1034,True,0.003,-85.5,-82.375,1.0,-213.808796875,1723709,1000,8000,-353.08480432855833,False
reward_only,gpomdp_reward_only,1035,True,0.003,-82.6875,-87.8125,1.0,-231.9796875,1871484,1000,8000,-373.71739961776325,False
logbarrier_handoff_h25,gpomdp_logbarrier_handoff,1035,True,0.003,-88.375,-80.53125,1.0,-173.20271875,1399231,1000,8000,-279.70961394374837,False
reward_only,gpomdp_reward_only,1036,True,0.003,-87.09375,-79.0,1.0,-252.01171875,2005121,1000,8000,-386.1638418813004,False
logbarrier_handoff_h25,gpomdp_logbarrier_handoff,1036,True,0.003,-89.0625,-95.84375,1.0,-161.16646875,1303006,1000,8000,-247.95987114362865,False
reward_only,gpomdp_reward_only,1037,True,0.003,-92.3125,-94.71875,1.0,-113.18984375,886387,1000,8000,-140.20807192569384,False
logbarrier_handoff_h25,gpomdp_logbarrier_handoff,1037,True,0.003,-91.0625,-83.65625,1.0,-147.38528125,1207597,1000,8000,-199.1768106542373,False
reward_only,gpomdp_reward_only,1038,True,0.003,-496.375,-500.0,0.0625,-499.896875,3997403,1000,8000,-499.8970875434626,True
logbarrier_handoff_h25,gpomdp_logbarrier_handoff,1038,True,0.003,-93.40625,-109.46875,1.0,-309.11953125,2485149,1000,8000,-432.0290031528291,False
reward_only,gpomdp_reward_only,1039,True,0.003,-88.34375,-82.9375,1.0,-118.83203125,968573,1000,8000,-169.29804126147437,False
logbarrier_handoff_h25,gpomdp_logbarrier_handoff,1039,True,0.003,-84.53125,-80.375,1.0,-153.230046875,1222490,1000,8000,-215.0179921717151,False
reward_only,gpomdp_reward_only,1040,True,0.003,-88.59375,-84.90625,1.0,-111.7859375,889238,1000,8000,-141.49774336285674,False
logbarrier_handoff_h25,gpomdp_logbarrier_handoff,1040,True,0.003,-81.625,-80.8125,1.0,-154.952375,1241722,1000,8000,-223.01979909251023,False
reward_only,gpomdp_reward_only,1041,True,0.003,-90.28125,-82.9375,1.0,-118.25234375,938318,1000,8000,-169.91858858417402,False
logbarrier_handoff_h25,gpomdp_logbarrier_handoff,1041,True,0.003,-78.46875,-91.9375,1.0,-141.7818125,1154933,1000,8000,-189.0153092214007,False
reward_only,gpomdp_reward_only,1042,True,0.003,-81.4375,-90.09375,1.0,-143.953125,1156669,1000,8000,-249.88469077205752,False
logbarrier_handoff_h25,gpomdp_logbarrier_handoff,1042,True,0.003,-86.5625,-79.4375,1.0,-170.448265625,1377119,1000,8000,-274.2257494404986,False
reward_only,gpomdp_reward_only,1043,True,0.003,-500.0,-500.0,0.0,-500.0,4000000,1000,8000,-500.0,True
logbarrier_handoff_h25,gpomdp_logbarrier_handoff,1043,True,0.003,-93.5625,-89.75,1.0,-323.9625,2592070,1000,8000,-435.5037884598506,False
reward_only,gpomdp_reward_only,1044,True,0.003,-86.6875,-81.6875,1.0,-181.0984375,1448138,1000,8000,-313.16434089629234,False
logbarrier_handoff_h25,gpomdp_logbarrier_handoff,1044,True,0.003,-85.21875,-81.75,1.0,-190.898515625,1525018,1000,8000,-318.2921470844934,False
reward_only,gpomdp_reward_only,1045,True,0.003,-95.46875,-142.0,1.0,-329.14609375,2623420,1000,8000,-441.09040808372276,False
logbarrier_handoff_h25,gpomdp_logbarrier_handoff,1045,True,0.003,-85.8125,-78.9375,1.0,-237.802703125,1918210,1000,8000,-379.5427762243185,False
reward_only,gpomdp_reward_only,1046,True,0.003,-86.8125,-82.875,1.0,-110.06484375,906021,1000,8000,-143.31779851129278,False
logbarrier_handoff_h25,gpomdp_logbarrier_handoff,1046,True,0.003,-93.59375,-83.03125,1.0,-145.940640625,1162343,1000,8000,-188.15452296568225,False
reward_only,gpomdp_reward_only,1047,True,0.003,-90.125,-82.125,1.0,-127.7015625,1029607,1000,8000,-200.08025598602185,False
logbarrier_handoff_h25,gpomdp_logbarrier_handoff,1047,True,0.003,-88.59375,-82.21875,1.0,-167.503515625,1338126,1000,8000,-253.10734914910853,False
reward_only,gpomdp_reward_only,1048,True,0.003,-81.6875,-81.5625,1.0,-103.08046875,802203,1000,8000,-118.09445316132575,False
logbarrier_handoff_h25,gpomdp_logbarrier_handoff,1048,True,0.003,-81.46875,-86.625,1.0,-140.891046875,1129925,1000,8000,-178.09878746100404,False
reward_only,gpomdp_reward_only,1049,True,0.003,-85.71875,-83.96875,1.0,-113.78203125,929172,1000,8000,-148.93726711456543,False
logbarrier_handoff_h25,gpomdp_logbarrier_handoff,1049,True,0.003,-86.75,-82.21875,1.0,-148.2666875,1186382,1000,8000,-193.38031655803107,False
reward_only,gpomdp_reward_only,1050,True,0.003,-88.1875,-95.46875,1.0,-314.2328125,2533071,1000,8000,-432.8925699896489,False
logbarrier_handoff_h25,gpomdp_logbarrier_handoff,1050,True,0.003,-96.9375,-124.96875,1.0,-344.096875,2749795,1000,8000,-446.56994199794894,False
reward_only,gpomdp_reward_only,1051,True,0.003,-86.0625,-85.65625,1.0,-151.125,1212971,1000,8000,-259.14086978893147,False
logbarrier_handoff_h25,gpomdp_logbarrier_handoff,1051,True,0.003,-166.78125,-277.6875,1.0,-484.73515625,3872126,1000,8000,-491.1513085931346,False
reward_only,gpomdp_reward_only,1052,True,0.003,-100.78125,-87.40625,1.0,-335.35703125,2713070,1000,8000,-440.0257056063334,False
logbarrier_handoff_h25,gpomdp_logbarrier_handoff,1052,True,0.003,-86.375,-83.375,1.0,-157.4471875,1255038,1000,8000,-230.3606389931022,False
reward_only,gpomdp_reward_only,1053,True,0.003,-92.15625,-84.0,1.0,-149.87734375,1207313,1000,8000,-253.66408813155743,False
logbarrier_handoff_h25,gpomdp_logbarrier_handoff,1053,True,0.003,-81.21875,-82.28125,1.0,-168.979171875,1386966,1000,8000,-270.02989963795073,False
reward_only,gpomdp_reward_only,1054,True,0.003,-89.5625,-84.4375,1.0,-161.3296875,1300587,1000,8000,-286.05778477333695,False
logbarrier_handoff_h25,gpomdp_logbarrier_handoff,1054,True,0.003,-87.09375,-86.15625,1.0,-169.9270625,1370545,1000,8000,-273.442042547399,False
reward_only,gpomdp_reward_only,1055,True,0.003,-500.0,-500.0,0.0,-499.9875,3999099,1000,8000,-499.9875156566517,True
logbarrier_handoff_h25,gpomdp_logbarrier_handoff,1055,True,0.003,-89.15625,-90.6875,1.0,-160.198828125,1286199,1000,8000,-245.92029641457114,False
reward_only,gpomdp_reward_only,1056,True,0.003,-92.78125,-84.53125,1.0,-405.3734375,3252293,1000,8000,-467.7013151182873,False
logbarrier_handoff_h25,gpomdp_logbarrier_handoff,1056,True,0.003,-85.125,-85.25,1.0,-164.91046875,1307978,1000,8000,-255.58104196658888,False
reward_only,gpomdp_reward_only,1057,True,0.003,-84.5,-83.3125,1.0,-106.09609375,829289,1000,8000,-126.41218119150862,False
logbarrier_handoff_h25,gpomdp_logbarrier_handoff,1057,True,0.003,-97.625,-83.40625,1.0,-144.98496875,1154298,1000,8000,-185.56149587238303,False
reward_only,gpomdp_reward_only,1058,True,0.003,-89.46875,-84.1875,1.0,-128.03515625,1022665,1000,8000,-207.65927981364865,False
logbarrier_handoff_h25,gpomdp_logbarrier_handoff,1058,True,0.003,-86.03125,-80.5,1.0,-162.877109375,1317587,1000,8000,-259.0408404720144,False
reward_only,gpomdp_reward_only,1059,True,0.003,-84.125,-82.0625,1.0,-128.99453125,1056266,1000,8000,-203.7794479562913,False
logbarrier_handoff_h25,gpomdp_logbarrier_handoff,1059,True,0.003,-82.6875,-82.75,1.0,-168.37103125,1333548,1000,8000,-255.1250625797684,False
reward_only,gpomdp_reward_only,1060,True,0.003,-89.5,-83.65625,1.0,-99.040625,778713,1000,8000,-105.90553905129362,False
logbarrier_handoff_h25,gpomdp_logbarrier_handoff,1060,True,0.003,-85.40625,-82.75,1.0,-140.217109375,1127371,1000,8000,-175.42240520201423,False
reward_only,gpomdp_reward_only,1061,True,0.003,-86.09375,-81.0625,1.0,-164.76953125,1338159,1000,8000,-278.90513594610206,False
logbarrier_handoff_h25,gpomdp_logbarrier_handoff,1061,True,0.003,-92.40625,-90.28125,1.0,-163.7116875,1311635,1000,8000,-244.38869508523712,False
reward_only,gpomdp_reward_only,1062,True,0.003,-88.0625,-81.625,1.0,-116.9953125,950525,1000,8000,-161.31816392585677,False
logbarrier_handoff_h25,gpomdp_logbarrier_handoff,1062,True,0.003,-82.875,-83.4375,1.0,-186.709703125,1496226,1000,8000,-302.6702083797,False
reward_only,gpomdp_reward_only,1063,True,0.003,-86.71875,-80.84375,1.0,-113.53046875,905019,1000,8000,-148.30264696100303,False
logbarrier_handoff_h25,gpomdp_logbarrier_handoff,1063,True,0.003,-84.09375,-86.28125,1.0,-155.782734375,1227700,1000,8000,-213.14491997230593,False
reward_only,gpomdp_reward_only,1064,True,0.003,-82.5,-89.75,1.0,-190.5625,1518910,1000,8000,-326.6525842339243,False
logbarrier_handoff_h25,gpomdp_logbarrier_handoff,1064,True,0.003,-86.15625,-78.03125,1.0,-173.55590625,1397692,1000,8000,-283.07997779777304,False
reward_only,gpomdp_reward_only,1065,True,0.003,-84.90625,-86.0,1.0,-125.89765625,1010081,1000,8000,-203.4060208259288,False
logbarrier_handoff_h25,gpomdp_logbarrier_handoff,1065,True,0.003,-105.21875,-89.5,0.96875,-230.7375,1869409,1000,8000,-373.214669816771,False
reward_only,gpomdp_reward_only,1066,True,0.003,-86.8125,-85.65625,1.0,-151.153125,1217805,1000,8000,-261.78886426295674,False
logbarrier_handoff_h25,gpomdp_logbarrier_handoff,1066,True,0.003,-88.84375,-79.09375,1.0,-193.8233125,1556962,1000,8000,-330.8476066391633,False
reward_only,gpomdp_reward_only,1067,True,0.003,-94.78125,-125.71875,0.96875,-110.11171875,872730,1000,8000,-136.27756540539457,False
logbarrier_handoff_h25,gpomdp_logbarrier_handoff,1067,True,0.003,-90.34375,-118.125,1.0,-250.1651875,1995054,1000,8000,-387.5593171914144,False
reward_only,gpomdp_reward_only,1068,True,0.003,-86.15625,-82.75,1.0,-110.91484375,925196,1000,8000,-144.59946657586607,False
logbarrier_handoff_h25,gpomdp_logbarrier_handoff,1068,True,0.003,-103.75,-90.09375,0.96875,-195.5848125,1595869,1000,8000,-333.72730063134884,False
reward_only,gpomdp_reward_only,1069,True,0.003,-80.875,-80.875,1.0,-192.4734375,1545333,1000,8000,-318.508226736163,False
logbarrier_handoff_h25,gpomdp_logbarrier_handoff,1069,True,0.003,-85.90625,-84.53125,1.0,-172.807234375,1389221,1000,8000,-274.30724953049224,False
reward_only,gpomdp_reward_only,1070,True,0.003,-82.90625,-85.625,1.0,-117.9421875,938617,1000,8000,-149.50633203892002,False
logbarrier_handoff_h25,gpomdp_logbarrier_handoff,1070,True,0.003,-90.59375,-81.90625,1.0,-146.171125,1197244,1000,8000,-191.01076995635393,False
reward_only,gpomdp_reward_only,1071,True,0.003,-87.125,-80.21875,1.0,-110.08125,880134,1000,8000,-141.08743324169956,False
logbarrier_handoff_h25,gpomdp_logbarrier_handoff,1071,True,0.003,-84.25,-89.0,1.0,-246.67709375,1972234,1000,8000,-385.4107330031578,False
reward_only,gpomdp_reward_only,1072,True,0.003,-84.25,-90.0,1.0,-136.7859375,1113933,1000,8000,-220.08453933607316,False
logbarrier_handoff_h25,gpomdp_logbarrier_handoff,1072,True,0.003,-86.25,-80.03125,1.0,-219.99196875,1776724,1000,8000,-358.0190575815377,False
reward_only,gpomdp_reward_only,1073,True,0.003,-81.3125,-83.625,1.0,-192.9796875,1562816,1000,8000,-330.5879818265554,False
logbarrier_handoff_h25,gpomdp_logbarrier_handoff,1073,True,0.003,-104.78125,-82.21875,0.96875,-335.79296875,2716345,1000,8000,-441.4303540522743,False
reward_only,gpomdp_reward_only,1074,True,0.003,-84.09375,-81.3125,1.0,-107.8578125,848921,1000,8000,-127.99736317852309,False
logbarrier_handoff_h25,gpomdp_logbarrier_handoff,1074,True,0.003,-80.5625,-82.21875,1.0,-147.986859375,1192571,1000,8000,-188.43405380843154,False
reward_only,gpomdp_reward_only,1075,True,0.003,-497.28125,-500.0,0.03125,-499.93203125,3999329,1000,8000,-499.93215274752964,True
logbarrier_handoff_h25,gpomdp_logbarrier_handoff,1075,True,0.003,-94.625,-83.125,1.0,-177.914453125,1439377,1000,8000,-289.1347657159139,False
reward_only,gpomdp_reward_only,1076,True,0.003,-82.34375,-83.75,1.0,-190.73828125,1500466,1000,8000,-328.44541007385374,False
logbarrier_handoff_h25,gpomdp_logbarrier_handoff,1076,True,0.003,-81.4375,-116.78125,1.0,-164.450796875,1299734,1000,8000,-248.9051889054799,False
reward_only,gpomdp_reward_only,1077,True,0.003,-84.125,-79.78125,1.0,-107.39453125,861610,1000,8000,-131.8918855035921,False
logbarrier_handoff_h25,gpomdp_logbarrier_handoff,1077,True,0.003,-94.65625,-81.4375,1.0,-146.418328125,1171837,1000,8000,-187.70617736564472,False
reward_only,gpomdp_reward_only,1078,True,0.003,-85.90625,-78.34375,1.0,-122.40859375,975943,1000,8000,-193.9116920922892,False
logbarrier_handoff_h25,gpomdp_logbarrier_handoff,1078,True,0.003,-90.53125,-82.90625,1.0,-151.559328125,1208429,1000,8000,-213.0855767850242,False
reward_only,gpomdp_reward_only,1079,True,0.003,-500.0,-500.0,0.0,-499.37890625,3998722,1000,8000,-499.3794379374523,True
logbarrier_handoff_h25,gpomdp_logbarrier_handoff,1079,True,0.003,-96.59375,-86.53125,1.0,-273.2408125,2168163,1000,8000,-407.48865244737135,False
reward_only,gpomdp_reward_only,1080,True,0.003,-88.53125,-80.78125,1.0,-122.25859375,959172,1000,8000,-181.19003529215823,False
logbarrier_handoff_h25,gpomdp_logbarrier_handoff,1080,True,0.003,-88.40625,-75.5625,1.0,-194.039546875,1543619,1000,8000,-327.4401148473976,False
reward_only,gpomdp_reward_only,1081,True,0.003,-86.5,-90.75,1.0,-103.78203125,846336,1000,8000,-124.16761332083239,False
logbarrier_handoff_h25,gpomdp_logbarrier_handoff,1081,True,0.003,-90.1875,-80.4375,1.0,-148.357125,1142056,1000,8000,-190.4845726424536,False
reward_only,gpomdp_reward_only,1082,True,0.003,-85.03125,-84.0625,1.0,-144.51171875,1159945,1000,8000,-254.7082347115596,False
logbarrier_handoff_h25,gpomdp_logbarrier_handoff,1082,True,0.003,-84.21875,-81.125,1.0,-160.7684375,1296634,1000,8000,-241.97102468776848,False
reward_only,gpomdp_reward_only,1083,True,0.003,-78.90625,-82.9375,1.0,-173.71328125,1393886,1000,8000,-296.12338366668797,False
logbarrier_handoff_h25,gpomdp_logbarrier_handoff,1083,True,0.003,-89.53125,-92.15625,1.0,-177.656390625,1428888,1000,8000,-281.0142394273554,False
reward_only,gpomdp_reward_only,1084,True,0.003,-89.8125,-138.75,1.0,-179.66875,1446484,1000,8000,-314.31098612437125,False
logbarrier_handoff_h25,gpomdp_logbarrier_handoff,1084,True,0.003,-83.4375,-84.625,1.0,-167.96278125,1366604,1000,8000,-262.91155286891814,False
reward_only,gpomdp_reward_only,1085,True,0.003,-86.3125,-81.125,1.0,-107.2296875,848594,1000,8000,-131.92789243516333,False
logbarrier_handoff_h25,gpomdp_logbarrier_handoff,1085,True,0.003,-79.28125,-79.84375,1.0,-150.613234375,1215700,1000,8000,-218.27274490776918,False
reward_only,gpomdp_reward_only,1086,True,0.003,-89.71875,-88.5,1.0,-105.8828125,845082,1000,8000,-119.67296354081616,False
logbarrier_handoff_h25,gpomdp_logbarrier_handoff,1086,True,0.003,-87.625,-95.0625,1.0,-145.4123125,1144047,1000,8000,-180.85547739188164,False
reward_only,gpomdp_reward_only,1087,True,0.003,-85.21875,-81.75,1.0,-213.88359375,1709214,1000,8000,-353.7244074798416,False
logbarrier_handoff_h25,gpomdp_logbarrier_handoff,1087,True,0.003,-84.1875,-89.15625,1.0,-160.784125,1297215,1000,8000,-252.30304362374395,False
reward_only,gpomdp_reward_only,1088,True,0.003,-90.65625,-83.71875,1.0,-113.3796875,933093,1000,8000,-155.4289555676658,False
logbarrier_handoff_h25,gpomdp_logbarrier_handoff,1088,True,0.003,-93.28125,-84.09375,1.0,-144.02915625,1178719,1000,8000,-191.4122144861286,False
reward_only,gpomdp_reward_only,1089,True,0.003,-84.875,-82.53125,1.0,-155.93515625,1261539,1000,8000,-269.9592526717367,False
logbarrier_handoff_h25,gpomdp_logbarrier_handoff,1089,True,0.003,-88.78125,-82.4375,1.0,-196.940609375,1605806,1000,8000,-336.5263155231703,False
reward_only,gpomdp_reward_only,1090,True,0.003,-87.625,-94.75,1.0,-118.7046875,963394,1000,8000,-172.62814041101043,False
logbarrier_handoff_h25,gpomdp_logbarrier_handoff,1090,True,0.003,-91.59375,-89.8125,1.0,-147.355125,1172414,1000,8000,-195.35474570256326,False
reward_only,gpomdp_reward_only,1091,True,0.003,-113.0,-94.28125,0.96875,-174.4375,1375228,1000,8000,-295.90840140462166,False
logbarrier_handoff_h25,gpomdp_logbarrier_handoff,1091,True,0.003,-118.3125,-80.65625,1.0,-431.86384375,3426590,1000,8000,-477.08887249240496,False
reward_only,gpomdp_reward_only,1092,True,0.003,-441.5625,-188.15625,0.5,-498.3,3992511,1000,8000,-498.35073535958946,True
logbarrier_handoff_h25,gpomdp_logbarrier_handoff,1092,True,0.003,-80.90625,-84.78125,1.0,-215.16884375,1718473,1000,8000,-357.4542618377624,False
reward_only,gpomdp_reward_only,1093,True,0.003,-98.46875,-80.375,1.0,-383.228125,3078569,1000,8000,-456.9084316091746,False
logbarrier_handoff_h25,gpomdp_logbarrier_handoff,1093,True,0.003,-88.75,-82.9375,1.0,-163.143328125,1286036,1000,8000,-236.86892169280253,False
reward_only,gpomdp_reward_only,1094,True,0.003,-84.78125,-90.71875,1.0,-133.6453125,1055520,1000,8000,-208.56349517003468,False
logbarrier_handoff_h25,gpomdp_logbarrier_handoff,1094,True,0.003,-89.375,-86.1875,1.0,-153.624265625,1212260,1000,8000,-221.67472477799728,False
reward_only,gpomdp_reward_only,1095,True,0.003,-86.96875,-83.96875,1.0,-135.91484375,1090809,1000,8000,-220.91837384283133,False
logbarrier_handoff_h25,gpomdp_logbarrier_handoff,1095,True,0.003,-88.71875,-87.40625,1.0,-373.75703125,3031610,1000,8000,-456.7315429652066,False
reward_only,gpomdp_reward_only,1096,True,0.003,-88.03125,-79.15625,1.0,-128.825,1033379,1000,8000,-207.711410258845,False
logbarrier_handoff_h25,gpomdp_logbarrier_handoff,1096,True,0.003,-84.21875,-88.0625,1.0,-159.10225,1255941,1000,8000,-230.1100204075072,False
reward_only,gpomdp_reward_only,1097,True,0.003,-83.96875,-90.1875,1.0,-105.75078125,840272,1000,8000,-127.56939399161818,False
logbarrier_handoff_h25,gpomdp_logbarrier_handoff,1097,True,0.003,-93.4375,-87.09375,0.96875,-144.443015625,1131384,1000,8000,-185.4821405823531,False
reward_only,gpomdp_reward_only,1098,True,0.003,-500.0,-500.0,0.0,-499.7171875,3999520,1000,8000,-499.7172461632896,True
logbarrier_handoff_h25,gpomdp_logbarrier_handoff,1098,True,0.003,-94.4375,-106.0,1.0,-242.053125,1935420,1000,8000,-383.2133637175652,False
reward_only,gpomdp_reward_only,1099,True,0.003,-87.34375,-83.40625,1.0,-111.55,885569,1000,8000,-141.54979215693527,False
logbarrier_handoff_h25,gpomdp_logbarrier_handoff,1099,True,0.003,-95.28125,-85.53125,1.0,-146.94253125,1170162,1000,8000,-192.40763788208386,False
reward_only,gpomdp_reward_only,1100,True,0.003,-80.21875,-81.34375,1.0,-105.125,824171,1000,8000,-115.3003601308163,False
logbarrier_handoff_h25,gpomdp_logbarrier_handoff,1100,True,0.003,-87.75,-86.375,1.0,-142.192140625,1125282,1000,8000,-174.87764100465483,False
reward_only,gpomdp_reward_only,1101,True,0.003,-81.90625,-88.5625,1.0,-106.9859375,864605,1000,8000,-135.6892850094841,False
logbarrier_handoff_h25,gpomdp_logbarrier_handoff,1101,True,0.003,-78.71875,-84.5625,1.0,-143.984015625,1157269,1000,8000,-186.79550327646382,False
reward_only,gpomdp_reward_only,1102,True,0.003,-91.90625,-93.53125,1.0,-116.2734375,949167,1000,8000,-163.69820818873285,False
logbarrier_handoff_h25,gpomdp_logbarrier_handoff,1102,True,0.003,-84.9375,-87.53125,1.0,-160.10475,1267553,1000,8000,-231.50453665694846,False
reward_only,gpomdp_reward_only,1103,True,0.003,-88.625,-78.5,1.0,-110.865625,881175,1000,8000,-130.8198771703975,False
logbarrier_handoff_h25,gpomdp_logbarrier_handoff,1103,True,0.003,-88.6875,-127.03125,1.0,-154.4099375,1201546,1000,8000,-197.75281038969794,False
reward_only,gpomdp_reward_only,1104,True,0.003,-92.0625,-89.28125,1.0,-110.55234375,887639,1000,8000,-133.34090993424692,False
logbarrier_handoff_h25,gpomdp_logbarrier_handoff,1104,True,0.003,-86.09375,-108.75,1.0,-142.426234375,1145185,1000,8000,-183.93439826316273,False
reward_only,gpomdp_reward_only,1105,True,0.003,-81.75,-97.9375,1.0,-109.9890625,910784,1000,8000,-147.41637714389472,False
logbarrier_handoff_h25,gpomdp_logbarrier_handoff,1105,True,0.003,-94.125,-113.9375,1.0,-163.722609375,1300393,1000,8000,-253.7386303842377,False
reward_only,gpomdp_reward_only,1106,True,0.003,-81.34375,-82.0625,1.0,-107.3359375,857414,1000,8000,-133.5649801503416,False
logbarrier_handoff_h25,gpomdp_logbarrier_handoff,1106,True,0.003,-87.96875,-84.46875,1.0,-145.918609375,1131153,1000,8000,-190.53735143477496,False
reward_only,gpomdp_reward_only,1107,True,0.003,-87.09375,-87.84375,1.0,-152.93046875,1244027,1000,8000,-261.2844965508184,False
logbarrier_handoff_h25,gpomdp_logbarrier_handoff,1107,True,0.003,-80.25,-81.5,1.0,-239.489296875,1934367,1000,8000,-381.70696481394174,False
reward_only,gpomdp_reward_only,1108,True,0.003,-500.0,-500.0,0.0,-500.0,3999920,1000,8000,-500.0,True
logbarrier_handoff_h25,gpomdp_logbarrier_handoff,1108,True,0.003,-81.09375,-87.34375,1.0,-178.60034375,1464192,1000,8000,-299.6310752257047,False
reward_only,gpomdp_reward_only,1109,True,0.003,-94.46875,-83.25,1.0,-169.72578125,1398585,1000,8000,-297.4807094536621,False
logbarrier_handoff_h25,gpomdp_logbarrier_handoff,1109,True,0.003,-82.28125,-82.125,1.0,-167.919625,1367944,1000,8000,-268.44831965891876,False
reward_only,gpomdp_reward_only,1110,True,0.003,-88.40625,-83.1875,1.0,-228.66484375,1818345,1000,8000,-372.8383392934234,False
logbarrier_handoff_h25,gpomdp_logbarrier_handoff,1110,True,0.003,-101.5,-83.4375,1.0,-230.237375,1839823,1000,8000,-373.39278487998575,False
reward_only,gpomdp_reward_only,1111,True,0.003,-85.84375,-83.65625,1.0,-107.33515625,857084,1000,8000,-130.73105473034147,False
logbarrier_handoff_h25,gpomdp_logbarrier_handoff,1111,True,0.003,-88.1875,-82.25,1.0,-144.70353125,1166476,1000,8000,-184.8866592625995,False
reward_only,gpomdp_reward_only,1112,True,0.003,-500.0,-500.0,0.0,-499.98125,4000000,1000,8000,-499.98125,True
logbarrier_handoff_h25,gpomdp_logbarrier_handoff,1112,True,0.003,-103.96875,-85.5625,1.0,-230.935875,1852921,1000,8000,-375.79159085168766,False
reward_only,gpomdp_reward_only,1113,True,0.003,-500.0,-500.0,0.0,-499.940625,3999614,1000,8000,-499.9407338745689,True
logbarrier_handoff_h25,gpomdp_logbarrier_handoff,1113,True,0.003,-89.0625,-95.90625,1.0,-176.507390625,1416097,1000,8000,-279.093661122349,False
reward_only,gpomdp_reward_only,1114,True,0.003,-81.96875,-81.34375,1.0,-120.7578125,974017,1000,8000,-172.5906409359385,False
logbarrier_handoff_h25,gpomdp_logbarrier_handoff,1114,True,0.003,-88.15625,-172.34375,1.0,-165.932671875,1344640,1000,8000,-259.9263228563965,False
reward_only,gpomdp_reward_only,1115,True,0.003,-87.625,-88.5,1.0,-126.2421875,1010382,1000,8000,-196.2533618473013,False
logbarrier_handoff_h25,gpomdp_logbarrier_handoff,1115,True,0.003,-95.65625,-80.40625,1.0,-158.398625,1253233,1000,8000,-227.18321287571825,False
reward_only,gpomdp_reward_only,1116,True,0.003,-500.0,-500.0,0.0,-500.0,4000000,1000,8000,-500.0,True
logbarrier_handoff_h25,gpomdp_logbarrier_handoff,1116,True,0.003,-83.0,-95.125,1.0,-166.956921875,1349041,1000,8000,-250.18618110012966,False
reward_only,gpomdp_reward_only,1117,True,0.003,-91.625,-88.125,1.0,-115.94375,936039,1000,8000,-157.4147454225999,False
logbarrier_handoff_h25,gpomdp_logbarrier_handoff,1117,True,0.003,-83.875,-84.625,1.0,-165.850296875,1333865,1000,8000,-262.0910254223628,False
reward_only,gpomdp_reward_only,1118,True,0.003,-81.90625,-86.28125,1.0,-147.31640625,1202146,1000,8000,-254.95640054847746,False
logbarrier_handoff_h25,gpomdp_logbarrier_handoff,1118,True,0.003,-82.34375,-81.46875,1.0,-161.934171875,1294497,1000,8000,-246.0288280409302,False
reward_only,gpomdp_reward_only,1119,True,0.003,-80.71875,-88.03125,1.0,-153.38828125,1228771,1000,8000,-255.72140197654812,False
logbarrier_handoff_h25,gpomdp_logbarrier_handoff,1119,True,0.003,-101.34375,-84.28125,0.96875,-169.9061875,1385174,1000,8000,-271.6811399912574,False
reward_only,gpomdp_reward_only,1120,True,0.003,-84.0,-80.34375,1.0,-169.0234375,1361180,1000,8000,-300.1903228379972,False
logbarrier_handoff_h25,gpomdp_logbarrier_handoff,1120,True,0.003,-500.0,-500.0,0.0,-499.200546875,3996289,1000,8000,-499.20145092343796,True
reward_only,gpomdp_reward_only,1121,True,0.003,-78.4375,-80.34375,1.0,-128.6734375,1075288,1000,8000,-214.9923908466848,False
logbarrier_handoff_h25,gpomdp_logbarrier_handoff,1121,True,0.003,-81.15625,-79.375,1.0,-158.03009375,1283162,1000,8000,-228.89959248374328,False
reward_only,gpomdp_reward_only,1122,True,0.003,-85.875,-78.375,1.0,-169.70625,1370472,1000,8000,-296.97675860032166,False
logbarrier_handoff_h25,gpomdp_logbarrier_handoff,1122,True,0.003,-87.3125,-84.71875,1.0,-181.92540625,1442948,1000,8000,-297.0716350745141,False
reward_only,gpomdp_reward_only,1123,True,0.003,-85.21875,-83.3125,1.0,-130.23125,1056468,1000,8000,-197.4110548810991,False
logbarrier_handoff_h25,gpomdp_logbarrier_handoff,1123,True,0.003,-95.71875,-82.3125,1.0,-151.195015625,1195993,1000,8000,-198.17705639006667,False
reward_only,gpomdp_reward_only,1124,True,0.003,-86.1875,-80.5625,1.0,-118.2015625,956946,1000,8000,-172.38620948830967,False
logbarrier_handoff_h25,gpomdp_logbarrier_handoff,1124,True,0.003,-83.34375,-84.40625,1.0,-146.63321875,1160264,1000,8000,-195.02784787826306,False
reward_only,gpomdp_reward_only,1125,True,0.003,-88.125,-87.75,1.0,-109.66640625,866299,1000,8000,-135.1810089710654,False
logbarrier_handoff_h25,gpomdp_logbarrier_handoff,1125,True,0.003,-95.78125,-96.96875,1.0,-147.5111875,1157786,1000,8000,-192.84441463059667,False
reward_only,gpomdp_reward_only,1126,True,0.003,-87.65625,-85.90625,1.0,-109.275,853391,1000,8000,-129.23943071303188,False
logbarrier_handoff_h25,gpomdp_logbarrier_handoff,1126,True,0.003,-90.71875,-83.625,1.0,-148.16996875,1197946,1000,8000,-192.99309072570884,False
reward_only,gpomdp_reward_only,1127,True,0.003,-82.25,-84.40625,1.0,-98.303125,778832,1000,8000,-105.16710411391674,False
logbarrier_handoff_h25,gpomdp_logbarrier_handoff,1127,True,0.003,-84.34375,-81.0625,1.0,-145.7964375,1112734,1000,8000,-181.05611371686766,False
reward_only,gpomdp_reward_only,1128,True,0.003,-85.375,-86.5625,1.0,-226.0875,1808836,1000,8000,-367.7084755921764,False
logbarrier_handoff_h25,gpomdp_logbarrier_handoff,1128,True,0.003,-88.03125,-83.34375,1.0,-158.250765625,1295067,1000,8000,-235.86346164908844,False
reward_only,gpomdp_reward_only,1129,True,0.003,-500.0,-500.0,0.0,-500.0,4000000,1000,8000,-500.0,True
logbarrier_handoff_h25,gpomdp_logbarrier_handoff,1129,True,0.003,-81.8125,-81.6875,1.0,-168.626359375,1366253,1000,8000,-271.893564323372,False
reward_only,gpomdp_reward_only,1130,True,0.003,-78.34375,-86.8125,1.0,-116.08828125,918567,1000,8000,-153.4246985045729,False
logbarrier_handoff_h25,gpomdp_logbarrier_handoff,1130,True,0.003,-82.09375,-84.5625,1.0,-150.61709375,1197230,1000,8000,-201.05393759187876,False
reward_only,gpomdp_reward_only,1131,True,0.003,-91.9375,-84.84375,1.0,-109.990625,901676,1000,8000,-143.12116848929105,False
logbarrier_handoff_h25,gpomdp_logbarrier_handoff,1131,True,0.003,-86.75,-129.46875,1.0,-165.238453125,1314336,1000,8000,-253.2557627007097,False
reward_only,gpomdp_reward_only,1132,True,0.003,-83.0,-84.875,1.0,-154.16875,1261845,1000,8000,-263.604071580206,False
logbarrier_handoff_h25,gpomdp_logbarrier_handoff,1132,True,0.003,-103.0,-87.15625,1.0,-427.11484375,3413622,1000,8000,-475.24336560166154,False
reward_only,gpomdp_reward_only,1133,True,0.003,-91.46875,-89.625,1.0,-130.81484375,1065485,1000,8000,-207.99610460553174,False
logbarrier_handoff_h25,gpomdp_logbarrier_handoff,1133,True,0.003,-98.65625,-80.96875,1.0,-213.691546875,1705124,1000,8000,-349.8263700598168,False
reward_only,gpomdp_reward_only,1134,True,0.003,-80.625,-111.21875,1.0,-110.25390625,890625,1000,8000,-140.98359057894737,False
logbarrier_handoff_h25,gpomdp_logbarrier_handoff,1134,True,0.003,-95.78125,-83.25,0.96875,-142.261953125,1136313,1000,8000,-183.6790532873645,False
reward_only,gpomdp_reward_only,1135,True,0.003,-88.78125,-87.5625,1.0,-134.21640625,1092868,1000,8000,-213.66350873916156,False
logbarrier_handoff_h25,gpomdp_logbarrier_handoff,1135,True,0.003,-84.3125,-88.8125,1.0,-163.12575,1311468,1000,8000,-252.54790983748745,False
reward_only,gpomdp_reward_only,1136,True,0.003,-92.03125,-77.8125,1.0,-103.5765625,811984,1000,8000,-118.08669925300252,False
logbarrier_handoff_h25,gpomdp_logbarrier_handoff,1136,True,0.003,-92.875,-195.71875,1.0,-144.962234375,1162327,1000,8000,-184.03710636884026,False
reward_only,gpomdp_reward_only,1137,True,0.003,-95.125,-78.34375,1.0,-402.76875,3228019,1000,8000,-466.09867566996974,False
logbarrier_handoff_h25,gpomdp_logbarrier_handoff,1137,True,0.003,-94.34375,-88.53125,0.96875,-182.385984375,1458150,1000,8000,-298.562582006738,False
reward_only,gpomdp_reward_only,1138,True,0.003,-86.8125,-87.5625,1.0,-111.24453125,926548,1000,8000,-150.4602714356137,False
logbarrier_handoff_h25,gpomdp_logbarrier_handoff,1138,True,0.003,-87.21875,-86.3125,1.0,-156.345140625,1257921,1000,8000,-224.5610038309242,False
reward_only,gpomdp_reward_only,1139,True,0.003,-78.5625,-82.5,1.0,-115.6546875,914772,1000,8000,-149.43264228340504,False
logbarrier_handoff_h25,gpomdp_logbarrier_handoff,1139,True,0.003,-83.78125,-81.3125,1.0,-142.94775,1143802,1000,8000,-185.4826043291365,False
reward_only,gpomdp_reward_only,1140,True,0.003,-500.0,-500.0,0.0,-500.0,3999986,1000,8000,-500.0,True
logbarrier_handoff_h25,gpomdp_logbarrier_handoff,1140,True,0.003,-83.4375,-81.6875,1.0,-168.59853125,1354275,1000,8000,-268.00452926842775,False
reward_only,gpomdp_reward_only,1141,True,0.003,-91.84375,-81.1875,1.0,-151.99609375,1223648,1000,8000,-257.54085000854,False
logbarrier_handoff_h25,gpomdp_logbarrier_handoff,1141,True,0.003,-87.65625,-95.71875,1.0,-197.3261875,1596581,1000,8000,-333.47432891362854,False
reward_only,gpomdp_reward_only,1142,True,0.003,-452.84375,-500.0,0.625,-498.73828125,3993137,1000,8000,-498.7745364147599,True
logbarrier_handoff_h25,gpomdp_logbarrier_handoff,1142,True,0.003,-495.28125,-500.0,0.03125,-499.84765625,3999012,1000,8000,-499.8478079593472,True
reward_only,gpomdp_reward_only,1143,True,0.003,-89.59375,-84.4375,1.0,-108.93203125,880081,1000,8000,-138.56624741785132,False
logbarrier_handoff_h25,gpomdp_logbarrier_handoff,1143,True,0.003,-87.21875,-79.40625,1.0,-140.572859375,1147277,1000,8000,-186.09345922998543,False
reward_only,gpomdp_reward_only,1144,True,0.003,-86.84375,-82.375,1.0,-121.2078125,975785,1000,8000,-182.4546814071491,False
logbarrier_handoff_h25,gpomdp_logbarrier_handoff,1144,True,0.003,-83.65625,-85.75,1.0,-146.833765625,1201638,1000,8000,-198.4302169985886,False
reward_only,gpomdp_reward_only,1145,True,0.003,-86.25,-83.375,1.0,-312.00234375,2518113,1000,8000,-430.67625245943094,False
logbarrier_handoff_h25,gpomdp_logbarrier_handoff,1145,True,0.003,-84.21875,-91.46875,1.0,-184.224015625,1477179,1000,8000,-303.50772054368497,False
reward_only,gpomdp_reward_only,1146,True,0.003,-500.0,-500.0,0.0,-499.9734375,3999368,1000,8000,-499.97345654832213,True
logbarrier_handoff_h25,gpomdp_logbarrier_handoff,1146,True,0.003,-84.65625,-87.96875,1.0,-186.103765625,1498858,1000,8000,-310.30472269346063,False
reward_only,gpomdp_reward_only,1147,True,0.003,-84.6875,-82.6875,1.0,-105.2171875,848103,1000,8000,-126.26500479231296,False
logbarrier_handoff_h25,gpomdp_logbarrier_handoff,1147,True,0.003,-99.40625,-86.125,1.0,-149.125875,1163029,1000,8000,-192.9540169059628,False
reward_only,gpomdp_reward_only,1148,True,0.003,-80.625,-82.34375,1.0,-129.19609375,1051520,1000,8000,-206.77773838704923,False
logbarrier_handoff_h25,gpomdp_logbarrier_handoff,1148,True,0.003,-81.65625,-83.21875,1.0,-147.802890625,1177422,1000,8000,-198.28784506266658,False
reward_only,gpomdp_reward_only,1149,True,0.003,-89.0625,-82.5,1.0,-106.3640625,842683,1000,8000,-118.86633754552423,False
logbarrier_handoff_h25,gpomdp_logbarrier_handoff,1149,True,0.003,-84.53125,-83.25,1.0,-143.837453125,1130832,1000,8000,-175.9321421500939,False
reward_only,gpomdp_reward_only,1150,True,0.003,-89.71875,-95.21875,1.0,-115.20859375,924842,1000,8000,-151.79953790417716,False
logbarrier_handoff_h25,gpomdp_logbarrier_handoff,1150,True,0.003,-87.59375,-86.875,1.0,-147.174015625,1162372,1000,8000,-184.91223536333462,False
reward_only,gpomdp_reward_only,1151,True,0.003,-86.53125,-82.5,1.0,-157.94296875,1281237,1000,8000,-276.0539437668441,False
logbarrier_handoff_h25,gpomdp_logbarrier_handoff,1151,True,0.003,-87.5625,-82.40625,1.0,-192.737296875,1552323,1000,8000,-331.04177208327457,False
reward_only,gpomdp_reward_only,1152,True,0.003,-79.03125,-81.125,1.0,-108.37890625,876525,1000,8000,-139.08952197598472,False
logbarrier_handoff_h25,gpomdp_logbarrier_handoff,1152,True,0.003,-87.5,-89.34375,1.0,-143.774640625,1157887,1000,8000,-190.3855931645316,False
reward_only,gpomdp_reward_only,1153,True,0.003,-84.0625,-80.8125,1.0,-103.01484375,820188,1000,8000,-114.04810752991997,False
logbarrier_handoff_h25,gpomdp_logbarrier_handoff,1153,True,0.003,-84.75,-89.96875,1.0,-147.0825,1131135,1000,8000,-181.24131770854055,False
reward_only,gpomdp_reward_only,1154,True,0.003,-89.875,-110.125,1.0,-129.9578125,1028292,1000,8000,-203.66590662294854,False
logbarrier_handoff_h25,gpomdp_logbarrier_handoff,1154,True,0.003,-95.25,-80.375,1.0,-170.486609375,1363875,1000,8000,-270.70859006965446,False
reward_only,gpomdp_reward_only,1155,True,0.003,-103.84375,-102.15625,1.0,-401.73203125,3211619,1000,8000,-464.7052340998029,False
logbarrier_handoff_h25,gpomdp_logbarrier_handoff,1155,True,0.003,-88.75,-87.25,1.0,-206.043625,1646104,1000,8000,-338.02962123937795,False
reward_only,gpomdp_reward_only,1156,True,0.003,-101.46875,-78.1875,1.0,-296.82734375,2381154,1000,8000,-420.2311473567543,False
logbarrier_handoff_h25,gpomdp_logbarrier_handoff,1156,True,0.003,-98.78125,-89.96875,1.0,-187.289625,1494885,1000,8000,-312.12688239814435,False
reward_only,gpomdp_reward_only,1157,True,0.003,-87.75,-85.875,1.0,-272.853125,2180444,1000,8000,-402.79446623027235,False
logbarrier_handoff_h25,gpomdp_logbarrier_handoff,1157,True,0.003,-85.5,-89.96875,1.0,-167.587671875,1341600,1000,8000,-263.0482483019343,False
reward_only,gpomdp_reward_only,1158,True,0.003,-86.09375,-88.59375,1.0,-198.36171875,1608859,1000,8000,-336.9546692621137,False
logbarrier_handoff_h25,gpomdp_logbarrier_handoff,1158,True,0.003,-96.59375,-104.5625,0.96875,-190.1495,1509296,1000,8000,-320.0157662082189,False
reward_only,gpomdp_reward_only,1159,True,0.003,-80.125,-87.03125,1.0,-108.6265625,877472,1000,8000,-131.24041643209128,False
logbarrier_handoff_h25,gpomdp_logbarrier_handoff,1159,True,0.003,-99.84375,-91.21875,0.96875,-150.3764375,1135101,1000,8000,-190.6868140891207,False
reward_only,gpomdp_reward_only,1160,True,0.003,-88.09375,-80.53125,1.0,-110.3515625,901515,1000,8000,-143.12499883876032,False
logbarrier_handoff_h25,gpomdp_logbarrier_handoff,1160,True,0.003,-92.125,-79.375,1.0,-146.4820625,1162091,1000,8000,-191.25847846683263,False
reward_only,gpomdp_reward_only,1161,True,0.003,-83.4375,-83.96875,1.0,-113.58125,940352,1000,8000,-161.4283231671491,False
logbarrier_handoff_h25,gpomdp_logbarrier_handoff,1161,True,0.003,-500.0,-500.0,0.0,-499.9609375,3998604,1000,8000,-499.9611038080415,True
reward_only,gpomdp_reward_only,1162,True,0.003,-100.15625,-84.25,0.96875,-132.19609375,1068640,1000,8000,-209.1200854444668,False
logbarrier_handoff_h25,gpomdp_logbarrier_handoff,1162,True,0.003,-81.375,-89.0,1.0,-214.0939375,1736827,1000,8000,-352.43298798253943,False
reward_only,gpomdp_reward_only,1163,True,0.003,-82.46875,-93.25,1.0,-122.33828125,1007159,1000,8000,-173.0243600439454,False
logbarrier_handoff_h25,gpomdp_logbarrier_handoff,1163,True,0.003,-84.1875,-90.625,1.0,-151.342734375,1227760,1000,8000,-209.1115016498542,False
reward_only,gpomdp_reward_only,1164,True,0.003,-89.6875,-93.71875,1.0,-235.3921875,1884129,1000,8000,-375.87317677690856,False
logbarrier_handoff_h25,gpomdp_logbarrier_handoff,1164,True,0.003,-99.59375,-86.09375,0.96875,-168.681265625,1348613,1000,8000,-264.60283813351197,False
reward_only,gpomdp_reward_only,1165,True,0.003,-100.71875,-248.125,1.0,-113.37265625,907330,1000,8000,-145.1005505507919,False
logbarrier_handoff_h25,gpomdp_logbarrier_handoff,1165,True,0.003,-86.25,-85.0625,1.0,-147.76659375,1168171,1000,8000,-196.14783116352402,False
reward_only,gpomdp_reward_only,1166,True,0.003,-89.375,-84.71875,1.0,-127.203125,1059936,1000,8000,-206.17815378416716,False
logbarrier_handoff_h25,gpomdp_logbarrier_handoff,1166,True,0.003,-83.375,-85.65625,1.0,-177.004046875,1423185,1000,8000,-285.9546232130749,False
reward_only,gpomdp_reward_only,1167,True,0.003,-83.4375,-81.03125,1.0,-116.0921875,928567,1000,8000,-155.12575990747033,False
logbarrier_handoff_h25,gpomdp_logbarrier_handoff,1167,True,0.003,-95.6875,-87.84375,1.0,-145.636890625,1186721,1000,8000,-193.1211158467323,False
reward_only,gpomdp_reward_only,1168,True,0.003,-88.65625,-82.625,1.0,-238.67421875,1953673,1000,8000,-375.8232096351334,False
logbarrier_handoff_h25,gpomdp_logbarrier_handoff,1168,True,0.003,-84.0625,-85.0625,1.0,-215.1605625,1742451,1000,8000,-358.179632391743,False
reward_only,gpomdp_reward_only,1169,True,0.003,-500.0,-500.0,0.0,-500.0,4000000,1000,8000,-500.0,True
logbarrier_handoff_h25,gpomdp_logbarrier_handoff,1169,True,0.003,-92.0625,-94.40625,1.0,-156.167890625,1228734,1000,8000,-227.13431096813875,False
reward_only,gpomdp_reward_only,1170,True,0.003,-500.0,-500.0,0.0,-499.10625,3992352,1000,8000,-499.1097810106674,True
logbarrier_handoff_h25,gpomdp_logbarrier_handoff,1170,True,0.003,-81.09375,-84.5625,1.0,-178.368125,1429630,1000,8000,-291.0325346636892,False
reward_only,gpomdp_reward_only,1171,True,0.003,-500.0,-500.0,0.0,-500.0,4000000,1000,8000,-500.0,True
logbarrier_handoff_h25,gpomdp_logbarrier_handoff,1171,True,0.003,-83.5,-78.0625,1.0,-195.913234375,1583881,1000,8000,-330.48573572998856,False
reward_only,gpomdp_reward_only,1172,True,0.003,-86.125,-85.15625,1.0,-179.353125,1449090,1000,8000,-304.02838959493545,False
logbarrier_handoff_h25,gpomdp_logbarrier_handoff,1172,True,0.003,-83.96875,-82.75,1.0,-174.332578125,1410047,1000,8000,-278.55783605972,False
reward_only,gpomdp_reward_only,1173,True,0.003,-92.84375,-83.65625,1.0,-109.43515625,898057,1000,8000,-139.86747589170287,False
logbarrier_handoff_h25,gpomdp_logbarrier_handoff,1173,True,0.003,-82.3125,-82.25,1.0,-147.918375,1175531,1000,8000,-189.93422245191746,False
reward_only,gpomdp_reward_only,1174,True,0.003,-87.75,-80.71875,1.0,-220.590625,1771634,1000,8000,-353.86024671468545,False
logbarrier_handoff_h25,gpomdp_logbarrier_handoff,1174,True,0.003,-86.03125,-86.9375,1.0,-172.64534375,1403937,1000,8000,-280.0395223174188,False
reward_only,gpomdp_reward_only,1175,True,0.003,-81.375,-82.03125,1.0,-152.903125,1237097,1000,8000,-267.8751944572657,False
logbarrier_handoff_h25,gpomdp_logbarrier_handoff,1175,True,0.003,-87.65625,-78.75,1.0,-209.407765625,1668629,1000,8000,-355.0288708949083,False
reward_only,gpomdp_reward_only,1176,True,0.003,-85.28125,-95.3125,1.0,-106.62265625,826782,1000,8000,-120.97926004451597,False
logbarrier_handoff_h25,gpomdp_logbarrier_handoff,1176,True,0.003,-85.96875,-86.125,1.0,-147.7119375,1146027,1000,8000,-185.0221135578612,False
reward_only,gpomdp_reward_only,1177,True,0.003,-500.0,-500.0,0.0,-500.0,4000000,1000,8000,-500.0,True
logbarrier_handoff_h25,gpomdp_logbarrier_handoff,1177,True,0.003,-93.6875,-82.9375,1.0,-217.88925,1763197,1000,8000,-359.0469129902955,False
reward_only,gpomdp_reward_only,1178,True,0.003,-86.90625,-83.6875,1.0,-291.01328125,2350053,1000,8000,-423.0320347229935,False
logbarrier_handoff_h25,gpomdp_logbarrier_handoff,1178,True,0.003,-85.71875,-81.46875,1.0,-204.802078125,1636710,1000,8000,-351.9386734287076,False
reward_only,gpomdp_reward_only,1179,True,0.003,-93.90625,-80.09375,1.0,-167.51015625,1335269,1000,8000,-292.20013940074995,False
logbarrier_handoff_h25,gpomdp_logbarrier_handoff,1179,True,0.003,-86.4375,-85.90625,1.0,-166.839765625,1330238,1000,8000,-259.60149867213613,False
reward_only,gpomdp_reward_only,1180,True,0.003,-93.15625,-87.4375,0.96875,-154.06015625,1250925,1000,8000,-264.8038421193317,False
logbarrier_handoff_h25,gpomdp_logbarrier_handoff,1180,True,0.003,-84.28125,-82.59375,1.0,-167.880875,1365279,1000,8000,-267.4127677955385,False
reward_only,gpomdp_reward_only,1181,True,0.003,-78.5625,-81.84375,1.0,-112.77734375,907021,1000,8000,-150.5835910566018,False
logbarrier_handoff_h25,gpomdp_logbarrier_handoff,1181,True,0.003,-96.0625,-85.90625,1.0,-150.561140625,1187047,1000,8000,-201.55099929699497,False
reward_only,gpomdp_reward_only,1182,True,0.003,-86.21875,-79.46875,1.0,-111.0390625,893364,1000,8000,-136.43526632551234,False
logbarrier_handoff_h25,gpomdp_logbarrier_handoff,1182,True,0.003,-83.53125,-98.65625,1.0,-146.303859375,1194743,1000,8000,-189.23364439046725,False
reward_only,gpomdp_reward_only,1183,True,0.003,-500.0,-500.0,0.0,-500.0,4000000,1000,8000,-500.0,True
logbarrier_handoff_h25,gpomdp_logbarrier_handoff,1183,True,0.003,-91.0625,-89.625,1.0,-190.709609375,1519897,1000,8000,-316.6560960319186,False
reward_only,gpomdp_reward_only,1184,True,0.003,-89.4375,-95.03125,1.0,-116.9359375,959090,1000,8000,-157.48070615765985,False
logbarrier_handoff_h25,gpomdp_logbarrier_handoff,1184,True,0.003,-90.25,-81.03125,1.0,-151.407078125,1209430,1000,8000,-211.05392014471693,False
reward_only,gpomdp_reward_only,1185,True,0.003,-84.78125,-78.53125,1.0,-235.20703125,1892089,1000,8000,-371.0942854118517,False
logbarrier_handoff_h25,gpomdp_logbarrier_handoff,1185,True,0.003,-85.46875,-110.03125,1.0,-259.173390625,2085997,1000,8000,-391.84139214965313,False
reward_only,gpomdp_reward_only,1186,True,0.003,-83.40625,-92.625,1.0,-113.2171875,908107,1000,8000,-149.6104885802279,False
logbarrier_handoff_h25,gpomdp_logbarrier_handoff,1186,True,0.003,-82.375,-82.21875,1.0,-144.0373125,1157767,1000,8000,-193.01400848573158,False
reward_only,gpomdp_reward_only,1187,True,0.003,-85.25,-82.25,1.0,-115.55625,960285,1000,8000,-157.54956378510025,False
logbarrier_handoff_h25,gpomdp_logbarrier_handoff,1187,True,0.003,-80.0625,-78.15625,1.0,-154.26509375,1235988,1000,8000,-224.20577029014441,False
reward_only,gpomdp_reward_only,1188,True,0.003,-98.6875,-88.625,0.96875,-111.00859375,878756,1000,8000,-138.07038924200802,False
logbarrier_handoff_h25,gpomdp_logbarrier_handoff,1188,True,0.003,-104.0625,-85.6875,1.0,-157.089734375,1232800,1000,8000,-222.20608042920588,False
reward_only,gpomdp_reward_only,1189,True,0.003,-90.1875,-86.34375,1.0,-109.8390625,896388,1000,8000,-146.25543017853317,False
logbarrier_handoff_h25,gpomdp_logbarrier_handoff,1189,True,0.003,-500.0,-500.0,0.0,-500.0,3999403,1000,8000,-500.0,True
reward_only,gpomdp_reward_only,1190,True,0.003,-87.0625,-80.0625,1.0,-117.1125,943655,1000,8000,-169.92446994664363,False
logbarrier_handoff_h25,gpomdp_logbarrier_handoff,1190,True,0.003,-96.40625,-91.53125,1.0,-155.126140625,1232793,1000,8000,-221.38129432009268,False
reward_only,gpomdp_reward_only,1191,True,0.003,-97.5,-90.71875,1.0,-120.0828125,975828,1000,8000,-178.50520154422705,False
logbarrier_handoff_h25,gpomdp_logbarrier_handoff,1191,True,0.003,-92.125,-84.28125,1.0,-142.02371875,1148371,1000,8000,-185.61477431944903,False
reward_only,gpomdp_reward_only,1192,True,0.003,-90.5,-81.0625,1.0,-253.684375,2023723,1000,8000,-394.3080996015759,False
logbarrier_handoff_h25,gpomdp_logbarrier_handoff,1192,True,0.003,-87.1875,-84.25,1.0,-149.065109375,1195622,1000,8000,-201.80346954085405,False
reward_only,gpomdp_reward_only,1193,True,0.003,-84.34375,-81.125,1.0,-106.09375,840220,1000,8000,-123.03423294271143,False
logbarrier_handoff_h25,gpomdp_logbarrier_handoff,1193,True,0.003,-87.625,-84.8125,1.0,-144.4605,1135161,1000,8000,-185.84953451812123,False
reward_only,gpomdp_reward_only,1194,True,0.003,-83.125,-96.75,1.0,-107.45859375,859247,1000,8000,-132.33609464158735,False
logbarrier_handoff_h25,gpomdp_logbarrier_handoff,1194,True,0.003,-86.3125,-82.59375,1.0,-144.27403125,1158548,1000,8000,-190.24925836585967,False
reward_only,gpomdp_reward_only,1195,True,0.003,-89.34375,-85.9375,1.0,-112.45859375,889050,1000,8000,-145.55312394550361,False
logbarrier_handoff_h25,gpomdp_logbarrier_handoff,1195,True,0.003,-85.5625,-83.53125,1.0,-147.63246875,1183045,1000,8000,-205.37696455439144,False
reward_only,gpomdp_reward_only,1196,True,0.003,-500.0,-500.0,0.0,-500.0,3999894,1000,8000,-500.0,True
logbarrier_handoff_h25,gpomdp_logbarrier_handoff,1196,True,0.003,-96.625,-84.71875,0.96875,-249.340625,2009364,1000,8000,-381.4934619082207,False
reward_only,gpomdp_reward_only,1197,True,0.003,-93.3125,-83.3125,1.0,-128.0,1021869,1000,8000,-201.3921049169463,False
logbarrier_handoff_h25,gpomdp_logbarrier_handoff,1197,True,0.003,-82.40625,-82.1875,1.0,-183.32846875,1489136,1000,8000,-306.84477782964416,False
reward_only,gpomdp_reward_only,1198,True,0.003,-85.75,-110.6875,1.0,-271.1078125,2184557,1000,8000,-408.01348177370744,False
logbarrier_handoff_h25,gpomdp_logbarrier_handoff,1198,True,0.003,-83.9375,-85.875,1.0,-204.54671875,1646833,1000,8000,-341.0914652168738,False
reward_only,gpomdp_reward_only,1199,True,0.003,-87.8125,-93.78125,1.0,-155.6796875,1255316,1000,8000,-261.66071044312747,False
logbarrier_handoff_h25,gpomdp_logbarrier_handoff,1199,True,0.003,-87.90625,-94.25,1.0,-213.403453125,1712465,1000,8000,-352.9558435683357,False
reward_only,gpomdp_reward_only,1200,True,0.003,-83.9375,-83.8125,1.0,-110.16796875,878365,1000,8000,-138.8737816497128,False
logbarrier_handoff_h25,gpomdp_logbarrier_handoff,1200,True,0.003,-90.25,-84.3125,1.0,-143.567296875,1191859,1000,8000,-190.78413717824424,False
