experiment,method,initialization,n,beta,metric,mean_paired_difference,ci_lower,ci_upper,n_pairs
main,detached_conditional_oracle,uniform,4,0.01,population_return,-0.012489052091093439,-0.01271734914576613,-0.012260755036420748,20
main,detached_conditional_oracle,uniform,4,0.01,q,-0.009071861817305155,-0.009380245204163,-0.00876347843044731,20
main,detached_conditional_oracle,uniform,4,0.01,pi1_a0,-0.006691050752942762,-0.006787001686949752,-0.006595099818935773,20
main,complete_weighted_oracle,uniform,4,0.01,population_return,-0.012566638278601444,-0.012801669605670548,-0.01233160695153234,20
main,complete_weighted_oracle,uniform,4,0.01,q,-0.009177835139129653,-0.009501958595489648,-0.008853711682769657,20
main,complete_weighted_oracle,uniform,4,0.01,pi1_a0,-0.00669989890091463,-0.0068002623759205955,-0.006599535425908665,20
main,uniform_action_oracle,uniform,4,0.01,population_return,-0.012558600144089178,-0.01279086988504537,-0.012326330403132985,20
main,uniform_action_oracle,uniform,4,0.01,q,-0.00893521819337848,-0.00925587451936244,-0.00861456186739452,20
main,uniform_action_oracle,uniform,4,0.01,pi1_a0,-0.006894328760719654,-0.006996630506633878,-0.006792027014805429,20
main,visitation_only_oracle,uniform,4,0.01,population_return,0.0002361393195828898,0.00011848259642061756,0.0003537960427451621,20
main,visitation_only_oracle,uniform,4,0.01,q,0.0002105377899887906,0.0001086181869344714,0.0003124573930431098,20
main,visitation_only_oracle,uniform,4,0.01,pi1_a0,0.00012799185128580803,6.125952479882239e-05,0.00019472417777279368,20
main,full_pooled_fisher_oracle,uniform,4,0.01,population_return,-0.012260509708733597,-0.012511546723720459,-0.012009472693746736,20
main,full_pooled_fisher_oracle,uniform,4,0.01,q,-0.008586122989836086,-0.008918802459104487,-0.008253443520567685,20
main,full_pooled_fisher_oracle,uniform,4,0.01,pi1_a0,-0.00678023518206815,-0.006891804202917947,-0.006668666161218354,20
main,detached_conditional_sampled,uniform,4,0.01,population_return,-0.012493036366266318,-0.012718273940697723,-0.012267798791834914,20
main,detached_conditional_sampled,uniform,4,0.01,q,-0.009098095246972027,-0.009412996893966123,-0.00878319359997793,20
main,detached_conditional_sampled,uniform,4,0.01,pi1_a0,-0.006673098483037987,-0.006771342416501478,-0.006574854549574496,20
main,detached_conditional_oracle,uniform,4,0.1,population_return,-0.18160174887029812,-0.18570175409654843,-0.1775017436440478,20
main,detached_conditional_oracle,uniform,4,0.1,q,-0.16141220597557154,-0.16789431646797437,-0.15493009548316872,20
main,detached_conditional_oracle,uniform,4,0.1,pi1_a0,-0.10461736840838806,-0.10619388737701259,-0.10304084943976353,20
main,complete_weighted_oracle,uniform,4,0.1,population_return,-0.18627516742556444,-0.19052179624027574,-0.18202853861085314,20
main,complete_weighted_oracle,uniform,4,0.1,q,-0.16998019419046317,-0.1769916860568933,-0.16296870232403304,20
main,complete_weighted_oracle,uniform,4,0.1,pi1_a0,-0.1051462685187774,-0.10667750356260415,-0.10361503347495064,20
main,uniform_action_oracle,uniform,4,0.1,population_return,-0.1818413850764297,-0.18543570320671646,-0.17824706694614292,20
main,uniform_action_oracle,uniform,4,0.1,q,-0.14948825679238548,-0.1548006302634257,-0.14417588332134526,20
main,uniform_action_oracle,uniform,4,0.1,pi1_a0,-0.11424396109234665,-0.11597894331121678,-0.11250897887347652,20
main,visitation_only_oracle,uniform,4,0.1,population_return,0.001531102613652907,0.0012356133328036748,0.0018265918945021393,20
main,visitation_only_oracle,uniform,4,0.1,q,0.0014174120306850112,0.0011632257567247527,0.0016715983046452698,20
main,visitation_only_oracle,uniform,4,0.1,pi1_a0,0.0007818855585184914,0.0006064993463224024,0.0009572717707145804,20
main,full_pooled_fisher_oracle,uniform,4,0.1,population_return,-0.1797157496756968,-0.18329913070508108,-0.17613236864631254,20
main,full_pooled_fisher_oracle,uniform,4,0.1,q,-0.14595559828955615,-0.1511206311927004,-0.1407905653864119,20
main,full_pooled_fisher_oracle,uniform,4,0.1,pi1_a0,-0.11358377138094009,-0.11531879979223546,-0.11184874296964471,20
main,detached_conditional_sampled,uniform,4,0.1,population_return,-0.1813244115852542,-0.18536081176974586,-0.17728801140076253,20
main,detached_conditional_sampled,uniform,4,0.1,q,-0.1629126015765309,-0.1697484820859162,-0.1560767210671456,20
main,detached_conditional_sampled,uniform,4,0.1,pi1_a0,-0.10300802453800295,-0.10438778533953608,-0.10162826373646983,20
main,detached_conditional_oracle,uniform,4,0.2,population_return,-0.35622659002752555,-0.3628880625445081,-0.349565117510543,20
main,detached_conditional_oracle,uniform,4,0.2,q,-0.3611322215076375,-0.3737389623197618,-0.34852548069551326,20
main,detached_conditional_oracle,uniform,4,0.2,pi1_a0,-0.22109165661563943,-0.2253688603658544,-0.21681445286542445,20
main,complete_weighted_oracle,uniform,4,0.2,population_return,-0.37554105623945844,-0.38232458695991434,-0.36875752551900254,20
main,complete_weighted_oracle,uniform,4,0.2,q,-0.4023894473684225,-0.4160670540038936,-0.38871184073295145,20
main,complete_weighted_oracle,uniform,4,0.2,pi1_a0,-0.22646511369293298,-0.23079221350145368,-0.2221380138844123,20
main,uniform_action_oracle,uniform,4,0.2,population_return,-0.37072181094308176,-0.37753660419506335,-0.3639070176911002,20
main,uniform_action_oracle,uniform,4,0.2,q,-0.34270534412806064,-0.3545743196665,-0.3308363685896213,20
main,uniform_action_oracle,uniform,4,0.2,pi1_a0,-0.2678106137703046,-0.2737862302786888,-0.26183499726192033,20
main,visitation_only_oracle,uniform,4,0.2,population_return,0.0022250354523582427,0.0018375659107432612,0.002612504993973224,20
main,visitation_only_oracle,uniform,4,0.2,q,0.002106893672725729,0.0017441804872182127,0.0024696068582332454,20
main,visitation_only_oracle,uniform,4,0.2,pi1_a0,0.0011141746832255771,0.0008970533555843914,0.0013312960108667628,20
main,full_pooled_fisher_oracle,uniform,4,0.2,population_return,-0.34892887335304623,-0.35550471129854677,-0.3423530354075457,20
main,full_pooled_fisher_oracle,uniform,4,0.2,q,-0.30350319608929854,-0.3133626200481769,-0.2936437721304202,20
main,full_pooled_fisher_oracle,uniform,4,0.2,pi1_a0,-0.2541764634579903,-0.2600414802327522,-0.24831144668322838,20
main,detached_conditional_sampled,uniform,4,0.2,population_return,-0.3540478659533822,-0.3602790664407207,-0.34781666546604373,20
main,detached_conditional_sampled,uniform,4,0.2,q,-0.36350643506291425,-0.3761240296335761,-0.3508888404922524,20
main,detached_conditional_sampled,uniform,4,0.2,pi1_a0,-0.21433255029868875,-0.21770702281252804,-0.21095807778484946,20
main,detached_conditional_oracle,uniform,32,0.01,population_return,-0.0124351375101048,-0.012530424595161413,-0.012339850425048185,20
main,detached_conditional_oracle,uniform,32,0.01,q,-0.008994618452646385,-0.009096201552796414,-0.008893035352496356,20
main,detached_conditional_oracle,uniform,32,0.01,pi1_a0,-0.006711029944804781,-0.006761337864229846,-0.006660722025379716,20
main,complete_weighted_oracle,uniform,32,0.01,population_return,-0.01251795081546193,-0.012614912896452035,-0.012420988734471826,20
main,complete_weighted_oracle,uniform,32,0.01,q,-0.009102431292232644,-0.009203784483282781,-0.009001078101182506,20
main,complete_weighted_oracle,uniform,32,0.01,pi1_a0,-0.006725953212763975,-0.00677764647331878,-0.006674259952209169,20
main,uniform_action_oracle,uniform,32,0.01,population_return,-0.012496279383865189,-0.012594341595598739,-0.012398217172131638,20
main,uniform_action_oracle,uniform,32,0.01,q,-0.00884106062738908,-0.008945910066559025,-0.008736211188219134,20
main,uniform_action_oracle,uniform,32,0.01,pi1_a0,-0.006917851970926181,-0.0069719620461001506,-0.006863741895752211,20
main,visitation_only_oracle,uniform,32,0.01,population_return,0.00025590430527099305,0.00022072263698408168,0.0002910859735579044,20
main,visitation_only_oracle,uniform,32,0.01,q,0.00023329083925444639,0.00020040591864360632,0.0002661757598652865,20
main,visitation_only_oracle,uniform,32,0.01,pi1_a0,0.0001360393972163365,0.00011541183317475352,0.00015666696125791948,20
main,full_pooled_fisher_oracle,uniform,32,0.01,population_return,-0.012228110519560026,-0.012336343920592628,-0.012119877118527423,20
main,full_pooled_fisher_oracle,uniform,32,0.01,q,-0.00856280506029305,-0.008683436140658139,-0.00844217397992796,20
main,full_pooled_fisher_oracle,uniform,32,0.01,pi1_a0,-0.006779266652171978,-0.006831291888299317,-0.006727241416044639,20
main,detached_conditional_sampled,uniform,32,0.01,population_return,-0.01243501844873035,-0.012530580825804017,-0.012339456071656684,20
main,detached_conditional_sampled,uniform,32,0.01,q,-0.008997948408066808,-0.009100300239003815,-0.008895596577129801,20
main,detached_conditional_sampled,uniform,32,0.01,pi1_a0,-0.006708115805705228,-0.00675849204582019,-0.006657739565590266,20
main,detached_conditional_oracle,uniform,32,0.1,population_return,-0.17920362463122752,-0.18041672391913757,-0.17799052534331747,20
main,detached_conditional_oracle,uniform,32,0.1,q,-0.15805439887319933,-0.16000240708593777,-0.1561063906604609,20
main,detached_conditional_oracle,uniform,32,0.1,pi1_a0,-0.10352590385154095,-0.10402789705813142,-0.10302391064495048,20
main,complete_weighted_oracle,uniform,32,0.1,population_return,-0.18380545487393962,-0.18517223903382002,-0.18243867071405923,20
main,complete_weighted_oracle,uniform,32,0.1,q,-0.16631548209121388,-0.16852685863084474,-0.16410410555158303,20
main,complete_weighted_oracle,uniform,32,0.1,pi1_a0,-0.10415759612120437,-0.10470210221639839,-0.10361309002601035,20
main,uniform_action_oracle,uniform,32,0.1,population_return,-0.18014693916880792,-0.18148019314236724,-0.1788136851952486,20
main,uniform_action_oracle,uniform,32,0.1,q,-0.14712339031268404,-0.1490304177809158,-0.14521636284445227,20
main,uniform_action_oracle,uniform,32,0.1,pi1_a0,-0.11345793380766911,-0.11415853333181028,-0.11275733428352794,20
main,visitation_only_oracle,uniform,32,0.1,population_return,0.0015603201758495333,0.0014496820527037165,0.0016709582989953501,20
main,visitation_only_oracle,uniform,32,0.1,q,0.0014694684150185155,0.0013702698197285313,0.0015686670103084996,20
main,visitation_only_oracle,uniform,32,0.1,pi1_a0,0.0008007086207006076,0.000736862412603495,0.0008645548287977201,20
main,full_pooled_fisher_oracle,uniform,32,0.1,population_return,-0.17776752556511938,-0.179018483362813,-0.17651656776742575,20
main,full_pooled_fisher_oracle,uniform,32,0.1,q,-0.1433574580990994,-0.1451121662983644,-0.14160274989983437,20
main,full_pooled_fisher_oracle,uniform,32,0.1,pi1_a0,-0.112575666771163,-0.11322776354849982,-0.11192356999382617,20
main,detached_conditional_sampled,uniform,32,0.1,population_return,-0.17915307143612905,-0.18034376836474134,-0.17796237450751676,20
main,detached_conditional_sampled,uniform,32,0.1,q,-0.1581534843175254,-0.1601655190717229,-0.1561414495633279,20
main,detached_conditional_sampled,uniform,32,0.1,pi1_a0,-0.10337197612312563,-0.10384267688825326,-0.10290127535799799,20
main,detached_conditional_oracle,uniform,32,0.2,population_return,-0.35637806268782113,-0.35845679134157327,-0.354299334034069,20
main,detached_conditional_oracle,uniform,32,0.2,q,-0.35992646178431265,-0.36387171701608945,-0.35598120655253584,20
main,detached_conditional_oracle,uniform,32,0.2,pi1_a0,-0.2220950262956202,-0.22343223328912157,-0.22075781930211882,20
main,complete_weighted_oracle,uniform,32,0.2,population_return,-0.3754287722797283,-0.3772167474771434,-0.37364079708231324,20
main,complete_weighted_oracle,uniform,32,0.2,q,-0.40058672475773305,-0.40422376715265107,-0.396949682362815,20
main,complete_weighted_oracle,uniform,32,0.2,pi1_a0,-0.22732811546314827,-0.2285516429250205,-0.22610458800127603,20
main,uniform_action_oracle,uniform,32,0.2,population_return,-0.3713298168613676,-0.3737211832227185,-0.3689384505000167,20
main,uniform_action_oracle,uniform,32,0.2,q,-0.34169722582513595,-0.346093699032465,-0.3373007526178069,20
main,uniform_action_oracle,uniform,32,0.2,pi1_a0,-0.26932404241886115,-0.27123258976447256,-0.26741549507324974,20
main,visitation_only_oracle,uniform,32,0.2,population_return,0.002229005022278735,0.002083868601064176,0.002374141443493294,20
main,visitation_only_oracle,uniform,32,0.2,q,0.0021279921351114784,0.0019977949762019906,0.0022581892940209663,20
main,visitation_only_oracle,uniform,32,0.2,pi1_a0,0.0011169140550169431,0.001037739384428527,0.0011960887256053593,20
main,full_pooled_fisher_oracle,uniform,32,0.2,population_return,-0.34978968476145544,-0.35196431496302205,-0.34761505455988884,20
main,full_pooled_fisher_oracle,uniform,32,0.2,q,-0.30254102126432086,-0.3060899981608636,-0.29899204436777815,20
main,full_pooled_fisher_oracle,uniform,32,0.2,pi1_a0,-0.2560005939781881,-0.2577298702151798,-0.2542713177411964,20
main,detached_conditional_sampled,uniform,32,0.2,population_return,-0.3561418559289619,-0.35812314788426547,-0.35416056397365836,20
main,detached_conditional_sampled,uniform,32,0.2,q,-0.3601399755118043,-0.3642860485584296,-0.35599390246517904,20
main,detached_conditional_sampled,uniform,32,0.2,pi1_a0,-0.22140962487519195,-0.22250073724369993,-0.22031851250668397,20
main,detached_conditional_oracle,uniform,128,0.01,population_return,-0.012453421387599245,-0.012514319172643572,-0.012392523602554918,20
main,detached_conditional_oracle,uniform,128,0.01,q,-0.008966108416588231,-0.009047773748997899,-0.008884443084178564,20
main,detached_conditional_oracle,uniform,128,0.01,pi1_a0,-0.006740001830656978,-0.006761079944009465,-0.006718923717304491,20
main,complete_weighted_oracle,uniform,128,0.01,population_return,-0.012537659795023953,-0.012600249320430846,-0.01247507026961706,20
main,complete_weighted_oracle,uniform,128,0.01,q,-0.00907864983064081,-0.009163102039394428,-0.008994197621887193,20
main,complete_weighted_oracle,uniform,128,0.01,pi1_a0,-0.006753865327338732,-0.006774887732350299,-0.006732842922327165,20
main,uniform_action_oracle,uniform,128,0.01,population_return,-0.012513229854337138,-0.01257179198241925,-0.012454667726255026,20
main,uniform_action_oracle,uniform,128,0.01,q,-0.008817197647289826,-0.008895830524551503,-0.00873856477002815,20
main,uniform_action_oracle,uniform,128,0.01,pi1_a0,-0.006942182914191036,-0.006962590477964554,-0.006921775350417519,20
main,visitation_only_oracle,uniform,128,0.01,population_return,0.00025761378508606383,0.0002381801807218288,0.0002770473894502989,20
main,visitation_only_oracle,uniform,128,0.01,q,0.00024333576691912273,0.00022525895501606196,0.0002614125788221835,20
main,visitation_only_oracle,uniform,128,0.01,pi1_a0,0.00013102347841220107,0.00011970753070871821,0.00014233942611568395,20
main,full_pooled_fisher_oracle,uniform,128,0.01,population_return,-0.01226330775843965,-0.012324089267181619,-0.012202526249697683,20
main,full_pooled_fisher_oracle,uniform,128,0.01,q,-0.008557919067667324,-0.008637170333533228,-0.00847866780180142,20
main,full_pooled_fisher_oracle,uniform,128,0.01,pi1_a0,-0.006809650054320304,-0.006833167219403527,-0.006786132889237081,20
main,detached_conditional_sampled,uniform,128,0.01,population_return,-0.012453563639241327,-0.012514433787457228,-0.012392693491025427,20
main,detached_conditional_sampled,uniform,128,0.01,q,-0.008967315421321093,-0.0090495047777038,-0.008885126064938385,20
main,detached_conditional_sampled,uniform,128,0.01,pi1_a0,-0.00673918437166326,-0.006760177228315966,-0.006718191515010553,20
main,detached_conditional_oracle,uniform,128,0.1,population_return,-0.1798099456745374,-0.18036907175893244,-0.17925081959014236,20
main,detached_conditional_oracle,uniform,128,0.1,q,-0.15920194816241812,-0.16014740865444949,-0.15825648767038675,20
main,detached_conditional_oracle,uniform,128,0.1,pi1_a0,-0.1036025847294955,-0.1038048964737165,-0.1034002729852745,20
main,complete_weighted_oracle,uniform,128,0.1,population_return,-0.1843139547993947,-0.18495015373967993,-0.18367775585910945,20
main,complete_weighted_oracle,uniform,128,0.1,q,-0.16733061476254965,-0.16841842951383518,-0.16624280001126412,20
main,complete_weighted_oracle,uniform,128,0.1,pi1_a0,-0.10418151919831749,-0.10440002751383125,-0.10396301088280373,20
main,uniform_action_oracle,uniform,128,0.1,population_return,-0.18064179069204336,-0.18115459719474183,-0.1801289841893449,20
main,uniform_action_oracle,uniform,128,0.1,q,-0.14821870495893952,-0.14902564781261946,-0.14741176210525958,20
main,uniform_action_oracle,uniform,128,0.1,pi1_a0,-0.11341758040471442,-0.11367156051080723,-0.1131636002986216,20
main,visitation_only_oracle,uniform,128,0.1,population_return,0.0015147754749765042,0.001450326400777444,0.0015792245491755643,20
main,visitation_only_oracle,uniform,128,0.1,q,0.001458606595215145,0.0013907878787026416,0.0015264253117276486,20
main,visitation_only_oracle,uniform,128,0.1,pi1_a0,0.0007491777127763332,0.0007181625277250604,0.0007801928978276061,20
main,full_pooled_fisher_oracle,uniform,128,0.1,population_return,-0.1783210557021389,-0.1788062120849931,-0.17783589931928473,20
main,full_pooled_fisher_oracle,uniform,128,0.1,q,-0.14451530562032167,-0.1452480325279848,-0.14378257871265854,20
main,full_pooled_fisher_oracle,uniform,128,0.1,pi1_a0,-0.11258366890970584,-0.11284063290404962,-0.11232670491536205,20
main,detached_conditional_sampled,uniform,128,0.1,population_return,-0.17980310378193234,-0.18035685933696066,-0.17924934822690403,20
main,detached_conditional_sampled,uniform,128,0.1,q,-0.1592644851659651,-0.16025549797543379,-0.1582734723564964,20
main,detached_conditional_sampled,uniform,128,0.1,pi1_a0,-0.10354418101539717,-0.10372598528267245,-0.10336237674812189,20
main,detached_conditional_oracle,uniform,128,0.2,population_return,-0.3579807833374073,-0.3591943848914968,-0.3567671817833178,20
main,detached_conditional_oracle,uniform,128,0.2,q,-0.3629103713898641,-0.36512275218717,-0.3606979905925582,20
main,detached_conditional_oracle,uniform,128,0.2,pi1_a0,-0.22293219535355457,-0.2237752718170837,-0.22208911889002544,20
main,complete_weighted_oracle,uniform,128,0.2,population_return,-0.37669777636115986,-0.37794728395533006,-0.37544826876698967,20
main,complete_weighted_oracle,uniform,128,0.2,q,-0.4029664451929186,-0.40523898301075345,-0.4006939073750837,20
main,complete_weighted_oracle,uniform,128,0.2,pi1_a0,-0.2280471582897594,-0.2289689899592974,-0.22712532662022142,20
main,uniform_action_oracle,uniform,128,0.2,population_return,-0.3728879535321471,-0.3743319761283179,-0.3714439309359763,20
main,uniform_action_oracle,uniform,128,0.2,q,-0.3444155092129682,-0.3468151460302173,-0.3420158723957191,20
main,uniform_action_oracle,uniform,128,0.2,pi1_a0,-0.2704976043395443,-0.2718102253679632,-0.2691849833111254,20
main,visitation_only_oracle,uniform,128,0.2,population_return,0.002160212842550735,0.002095811039941434,0.0022246146451600354,20
main,visitation_only_oracle,uniform,128,0.2,q,0.002098925618408687,0.0020305613619188436,0.00216728987489853,20
main,visitation_only_oracle,uniform,128,0.2,pi1_a0,0.001051044680354174,0.0010186327498018382,0.0010834566109065096,20
main,full_pooled_fisher_oracle,uniform,128,0.2,population_return,-0.3510749226179352,-0.3522969710532286,-0.3498528741826418,20
main,full_pooled_fisher_oracle,uniform,128,0.2,q,-0.30453653557404736,-0.3064282703922609,-0.30264480075583383,20
main,full_pooled_fisher_oracle,uniform,128,0.2,pi1_a0,-0.2569571363798082,-0.2580484588701391,-0.2558658138894773,20
main,detached_conditional_sampled,uniform,128,0.2,population_return,-0.35790517143141953,-0.35908423063110284,-0.3567261122317362,20
main,detached_conditional_sampled,uniform,128,0.2,q,-0.36303385507273855,-0.36536170849549765,-0.36070600164997946,20
main,detached_conditional_sampled,uniform,128,0.2,pi1_a0,-0.2226732821507628,-0.22343567625667518,-0.2219108880448504,20
main,detached_conditional_oracle,adverse,4,0.01,population_return,-0.013402309960348685,-0.013590578488991346,-0.013214041431706024,20
main,detached_conditional_oracle,adverse,4,0.01,q,0.008234688653722321,0.008046540591670755,0.008422836715773888,20
main,detached_conditional_oracle,adverse,4,0.01,pi1_a0,0.0005438602912348679,0.00024306439548408567,0.0008446561869856501,20
main,complete_weighted_oracle,adverse,4,0.01,population_return,-0.013527150324760004,-0.013713652680076868,-0.01334064796944314,20
main,complete_weighted_oracle,adverse,4,0.01,q,0.008376372781938151,0.008188409614484325,0.008564335949391978,20
main,complete_weighted_oracle,adverse,4,0.01,pi1_a0,0.0005236097934180099,0.00022532312638777648,0.0008218964604482432,20
main,uniform_action_oracle,adverse,4,0.01,population_return,-0.006031423056411902,-0.006128777217996754,-0.005934068894827051,20
main,uniform_action_oracle,adverse,4,0.01,q,0.0029651344215934025,0.0028936858324658085,0.0030365830107209964,20
main,uniform_action_oracle,adverse,4,0.01,pi1_a0,0.028675194908349366,0.028202349176557413,0.02914804064014132,20
main,visitation_only_oracle,adverse,4,0.01,population_return,-0.00654781864182572,-0.006638746374630694,-0.006456890909020746,20
main,visitation_only_oracle,adverse,4,0.01,q,0.005550894824477496,0.005461409063434767,0.005640380585520224,20
main,visitation_only_oracle,adverse,4,0.01,pi1_a0,9.255586670981068e-05,-0.00010786861689698916,0.0002929803503166105,20
main,full_pooled_fisher_oracle,adverse,4,0.01,population_return,-0.014270058892823196,-0.014440921678350233,-0.01409919610729616,20
main,full_pooled_fisher_oracle,adverse,4,0.01,q,0.013129269051226442,0.0129124842025627,0.013346053899890185,20
main,full_pooled_fisher_oracle,adverse,4,0.01,pi1_a0,0.02953192760190932,0.028795076241617177,0.030268778962201464,20
main,detached_conditional_sampled,adverse,4,0.01,population_return,-0.01343101212448718,-0.013604987624135586,-0.013257036624838774,20
main,detached_conditional_sampled,adverse,4,0.01,q,0.008257789645610277,0.008082196457665022,0.008433382833555532,20
main,detached_conditional_sampled,adverse,4,0.01,pi1_a0,0.00042374474329833395,0.00014517857178449018,0.0007023109148121777,20
main,detached_conditional_oracle,adverse,4,0.1,population_return,-0.0848495131677027,-0.09236067122290907,-0.07733835511249633,20
main,detached_conditional_oracle,adverse,4,0.1,q,0.2549202658901299,0.23742100869106433,0.2724195230891955,20
main,detached_conditional_oracle,adverse,4,0.1,pi1_a0,0.30852032473263946,0.26838137101129844,0.3486592784539805,20
main,complete_weighted_oracle,adverse,4,0.1,population_return,-0.10167027990027618,-0.10573258469971408,-0.09760797510083827,20
main,complete_weighted_oracle,adverse,4,0.1,q,0.23396518027171603,0.22115295644667024,0.24677740409676183,20
main,complete_weighted_oracle,adverse,4,0.1,pi1_a0,0.22610342845935788,0.19702438956190269,0.25518246735681305,20
main,uniform_action_oracle,adverse,4,0.1,population_return,0.09881389912692284,0.06931610804058892,0.12831169021325678,20
main,uniform_action_oracle,adverse,4,0.1,q,0.5592014700041728,0.5041434247449119,0.6142595152634336,20
main,uniform_action_oracle,adverse,4,0.1,pi1_a0,0.6992163231920927,0.6689272689483905,0.7295053774357949,20
main,visitation_only_oracle,adverse,4,0.1,population_return,-0.0703866159692906,-0.07148900676599569,-0.06928422517258552,20
main,visitation_only_oracle,adverse,4,0.1,q,0.18632273677317923,0.1831610059486982,0.18948446759766027,20
main,visitation_only_oracle,adverse,4,0.1,pi1_a0,0.0015297406726267246,0.0007936168790904421,0.0022658644661630073,20
main,full_pooled_fisher_oracle,adverse,4,0.1,population_return,0.2919996119494467,0.2878107638777419,0.29618846002115146,20
main,full_pooled_fisher_oracle,adverse,4,0.1,q,0.8251661813892184,0.818753964688403,0.8315783980900338,20
main,full_pooled_fisher_oracle,adverse,4,0.1,pi1_a0,0.8491116657914992,0.8469872256047055,0.8512361059782929,20
main,detached_conditional_sampled,adverse,4,0.1,population_return,-0.09868729841835559,-0.10386310171895759,-0.0935114951177536,20
main,detached_conditional_sampled,adverse,4,0.1,q,0.2352123730689133,0.22321035645534806,0.24721438968247852,20
main,detached_conditional_sampled,adverse,4,0.1,pi1_a0,0.2345222434842497,0.1998222220389294,0.26922226492956997,20
main,detached_conditional_oracle,adverse,4,0.2,population_return,0.1038196733719505,0.09571134374205534,0.11192800300184566,20
main,detached_conditional_oracle,adverse,4,0.2,q,0.5955309201518804,0.580534389435152,0.6105274508686087,20
main,detached_conditional_oracle,adverse,4,0.2,pi1_a0,0.7335345870812904,0.7278608967113142,0.7392082774512666,20
main,complete_weighted_oracle,adverse,4,0.2,population_return,0.07969968146709878,0.07248784603162649,0.08691151690257108,20
main,complete_weighted_oracle,adverse,4,0.2,q,0.5491804997251067,0.5347175340063787,0.5636434654438348,20
main,complete_weighted_oracle,adverse,4,0.2,pi1_a0,0.7223592900874087,0.7171876534839932,0.7275309266908243,20
main,uniform_action_oracle,adverse,4,0.2,population_return,0.09557837907446727,0.0881320695395775,0.10302468860935704,20
main,uniform_action_oracle,adverse,4,0.2,q,0.6192493769978547,0.6056384208079274,0.6328603331877819,20
main,uniform_action_oracle,adverse,4,0.2,pi1_a0,0.6879416509475209,0.6810430992979162,0.6948402025971256,20
main,visitation_only_oracle,adverse,4,0.2,population_return,-0.10820629353082431,-0.10995892027705999,-0.10645366678458863,20
main,visitation_only_oracle,adverse,4,0.2,q,0.31432126848442576,0.3089089346691955,0.31973360229965603,20
main,visitation_only_oracle,adverse,4,0.2,pi1_a0,0.0030294891586714317,0.0014291891308655478,0.004629789186477316,20
main,full_pooled_fisher_oracle,adverse,4,0.2,population_return,0.13184033073566362,0.12558003286251213,0.1381006286088151,20
main,full_pooled_fisher_oracle,adverse,4,0.2,q,0.6765321185422447,0.6670801874133004,0.685984049671189,20
main,full_pooled_fisher_oracle,adverse,4,0.2,pi1_a0,0.7141045780484425,0.7083301673649534,0.7198789887319317,20
main,detached_conditional_sampled,adverse,4,0.2,population_return,0.10223005832142062,0.0945127904117911,0.10994732623105015,20
main,detached_conditional_sampled,adverse,4,0.2,q,0.5890254081158937,0.5737002311222216,0.6043505851095657,20
main,detached_conditional_sampled,adverse,4,0.2,pi1_a0,0.7375613144710836,0.7329499733951599,0.7421726555470074,20
main,detached_conditional_oracle,adverse,32,0.01,population_return,-0.013461539026127489,-0.013517134022089095,-0.013405944030165883,20
main,detached_conditional_oracle,adverse,32,0.01,q,0.00830142942012126,0.008246753397603557,0.008356105442638963,20
main,detached_conditional_oracle,adverse,32,0.01,pi1_a0,0.00038864112757853124,0.0003145451998489132,0.0004627370553081493,20
main,complete_weighted_oracle,adverse,32,0.01,population_return,-0.013577096404822835,-0.013635329729174037,-0.013518863080471634,20
main,complete_weighted_oracle,adverse,32,0.01,q,0.008434677564847278,0.008377959308577532,0.008491395821117024,20
main,complete_weighted_oracle,adverse,32,0.01,pi1_a0,0.0003957256703465082,0.0003209257027115899,0.00047052563798142654,20
main,uniform_action_oracle,adverse,32,0.01,population_return,-0.005978373649200388,-0.006006594386524771,-0.0059501529118760055,20
main,uniform_action_oracle,adverse,32,0.01,q,0.0029296924082299544,0.0029081477548316007,0.002951237061628308,20
main,uniform_action_oracle,adverse,32,0.01,pi1_a0,0.02877754066517847,0.02864082976226508,0.028914251568091857,20
main,visitation_only_oracle,adverse,32,0.01,population_return,-0.006482737595444296,-0.006513060529294778,-0.006452414661593814,20
main,visitation_only_oracle,adverse,32,0.01,q,0.005505670769414713,0.005475123588487946,0.00553621795034148,20
main,visitation_only_oracle,adverse,32,0.01,pi1_a0,-1.8884515319635838e-05,-7.967797693727564e-05,4.1908946298003965e-05,20
main,full_pooled_fisher_oracle,adverse,32,0.01,population_return,-0.014285938179280273,-0.014365673142940022,-0.014206203215620524,20
main,full_pooled_fisher_oracle,adverse,32,0.01,q,0.013158781040993916,0.013060016165713374,0.013257545916274458,20
main,full_pooled_fisher_oracle,adverse,32,0.01,pi1_a0,0.02923651347906725,0.02899801678436467,0.02947501017376983,20
main,detached_conditional_sampled,adverse,32,0.01,population_return,-0.013465309380856504,-0.013517294442244813,-0.013413324319468196,20
main,detached_conditional_sampled,adverse,32,0.01,q,0.00830502844995957,0.008252971226166002,0.008357085673753139,20
main,detached_conditional_sampled,adverse,32,0.01,pi1_a0,0.00037658900744582513,0.00030244504305452716,0.0004507329718371231,20
main,detached_conditional_oracle,adverse,32,0.1,population_return,-0.08925324729132514,-0.09082817444378906,-0.08767832013886122,20
main,detached_conditional_oracle,adverse,32,0.1,q,0.2478133029242763,0.24333310002503672,0.2522935058235159,20
main,detached_conditional_oracle,adverse,32,0.1,pi1_a0,0.2960601202141051,0.2863797652586656,0.3057404751695446,20
main,complete_weighted_oracle,adverse,32,0.1,population_return,-0.1035395352327599,-0.10436596959614151,-0.10271310086937828,20
main,complete_weighted_oracle,adverse,32,0.1,q,0.23083470829592695,0.2276639220770164,0.2340054945148375,20
main,complete_weighted_oracle,adverse,32,0.1,pi1_a0,0.22019963205583082,0.21371874583436373,0.2266805182772979,20
main,uniform_action_oracle,adverse,32,0.1,population_return,0.08444398191192404,0.07528285336433625,0.09360511045951182,20
main,uniform_action_oracle,adverse,32,0.1,q,0.5481519598146389,0.5315501813438901,0.5647537382853878,20
main,uniform_action_oracle,adverse,32,0.1,pi1_a0,0.6913752909695166,0.6817531502746315,0.7009974316644016,20
main,visitation_only_oracle,adverse,32,0.1,population_return,-0.07167975569443416,-0.0719581316364667,-0.07140137975240163,20
main,visitation_only_oracle,adverse,32,0.1,q,0.189989410097164,0.1892209354219392,0.19075788477238878,20
main,visitation_only_oracle,adverse,32,0.1,pi1_a0,0.0011266747861779108,0.0009291151555969226,0.001324234416758899,20
main,full_pooled_fisher_oracle,adverse,32,0.1,population_return,0.2944877685134231,0.29325774872310234,0.2957177883037439,20
main,full_pooled_fisher_oracle,adverse,32,0.1,q,0.8283274784030408,0.8265593168177721,0.8300956399883095,20
main,full_pooled_fisher_oracle,adverse,32,0.1,pi1_a0,0.8503351697122404,0.8496571596955409,0.85101317972894,20
main,detached_conditional_sampled,adverse,32,0.1,population_return,-0.09075464639836671,-0.0922646315938554,-0.08924466120287802,20
main,detached_conditional_sampled,adverse,32,0.1,q,0.24577191108684468,0.24156658064621264,0.24997724152747672,20
main,detached_conditional_sampled,adverse,32,0.1,pi1_a0,0.287862105909097,0.27840724624332075,0.29731696557487325,20
main,detached_conditional_oracle,adverse,32,0.2,population_return,0.10512291627955077,0.10296125180967801,0.10728458074942353,20
main,detached_conditional_oracle,adverse,32,0.2,q,0.5984198412877361,0.5943547336671151,0.602484948908357,20
main,detached_conditional_oracle,adverse,32,0.2,pi1_a0,0.7338255422190172,0.732361054463034,0.7352900299750004,20
main,complete_weighted_oracle,adverse,32,0.2,population_return,0.07979500784533508,0.07707793157008822,0.08251208412058195,20
main,complete_weighted_oracle,adverse,32,0.2,q,0.5491606141783234,0.5439864700518153,0.5543347583048315,20
main,complete_weighted_oracle,adverse,32,0.2,pi1_a0,0.7222139602263175,0.7201499552005789,0.724277965252056,20
main,uniform_action_oracle,adverse,32,0.2,population_return,0.09596917016486572,0.09405802572360739,0.09788031460612406,20
main,uniform_action_oracle,adverse,32,0.2,q,0.6222402808811885,0.6186984520783326,0.6257821096840445,20
main,uniform_action_oracle,adverse,32,0.2,pi1_a0,0.6873176638591427,0.6855849828691032,0.6890503448491823,20
main,visitation_only_oracle,adverse,32,0.2,population_return,-0.10972341981626807,-0.11032710249331022,-0.10911973713922592,20
main,visitation_only_oracle,adverse,32,0.2,q,0.31943093910440024,0.3175487202380615,0.32131315797073895,20
main,visitation_only_oracle,adverse,32,0.2,pi1_a0,0.0038416500427970062,0.0033418425529384115,0.004341457532655601,20
main,full_pooled_fisher_oracle,adverse,32,0.2,population_return,0.13102675464710473,0.12892790848131108,0.13312560081289837,20
main,full_pooled_fisher_oracle,adverse,32,0.2,q,0.6772181337604707,0.6737777228233915,0.6806585446975498,20
main,full_pooled_fisher_oracle,adverse,32,0.2,pi1_a0,0.7124346483626057,0.7107324383588921,0.7141368583663193,20
main,detached_conditional_sampled,adverse,32,0.2,population_return,0.10504225703013907,0.10287598828011807,0.10720852578016007,20
main,detached_conditional_sampled,adverse,32,0.2,q,0.5977328195081788,0.5933888483780916,0.602076790638266,20
main,detached_conditional_sampled,adverse,32,0.2,pi1_a0,0.7343857108447064,0.7330310594181753,0.7357403622712375,20
main,detached_conditional_oracle,adverse,128,0.01,population_return,-0.013473521048367704,-0.013494290745564231,-0.013452751351171178,20
main,detached_conditional_oracle,adverse,128,0.01,q,0.008320750233050133,0.008300607798803171,0.008340892667297095,20
main,detached_conditional_oracle,adverse,128,0.01,pi1_a0,0.00043189073699683583,0.00039412772112795984,0.00046965375286571183,20
main,complete_weighted_oracle,adverse,128,0.01,population_return,-0.013587254349776774,-0.013608036843199448,-0.013566471856354099,20
main,complete_weighted_oracle,adverse,128,0.01,q,0.008453377797589739,0.00843326182277862,0.008473493772400857,20
main,complete_weighted_oracle,adverse,128,0.01,pi1_a0,0.00043414392477286024,0.0003946515765087427,0.0004736362730369778,20
main,uniform_action_oracle,adverse,128,0.01,population_return,-0.005992535473422514,-0.00601099408627588,-0.005974076860569148,20
main,uniform_action_oracle,adverse,128,0.01,q,0.0029335841960759323,0.0029198640728895636,0.002947304319262301,20
main,uniform_action_oracle,adverse,128,0.01,pi1_a0,0.028783715702833845,0.028698903818833037,0.028868527586834652,20
main,visitation_only_oracle,adverse,128,0.01,population_return,-0.006509646585331386,-0.006530910634272396,-0.006488382536390376,20
main,visitation_only_oracle,adverse,128,0.01,q,0.005523933855850365,0.00550210670403349,0.005545761007667241,20
main,visitation_only_oracle,adverse,128,0.01,pi1_a0,1.9949954147205698e-05,-1.982188436709728e-05,5.9721792661508676e-05,20
main,full_pooled_fisher_oracle,adverse,128,0.01,population_return,-0.014305941495668903,-0.014337216301945234,-0.014274666689392571,20
main,full_pooled_fisher_oracle,adverse,128,0.01,q,0.01320294424192954,0.013167040848440255,0.013238847635418825,20
main,full_pooled_fisher_oracle,adverse,128,0.01,pi1_a0,0.02931722936017008,0.029189079973305262,0.0294453787470349,20
main,detached_conditional_sampled,adverse,128,0.01,population_return,-0.013472714863869636,-0.01349236885372967,-0.013453060874009602,20
main,detached_conditional_sampled,adverse,128,0.01,q,0.008320039783173834,0.008300873553082904,0.008339206013264764,20
main,detached_conditional_sampled,adverse,128,0.01,pi1_a0,0.0004325399442273078,0.0003945320110672273,0.0004705478773873883,20
main,detached_conditional_oracle,adverse,128,0.1,population_return,-0.08927254870328047,-0.09012386450336761,-0.08842123290319333,20
main,detached_conditional_oracle,adverse,128,0.1,q,0.24749697314151145,0.24561809890754288,0.24937584737548002,20
main,detached_conditional_oracle,adverse,128,0.1,pi1_a0,0.29645784073498627,0.29162611509781705,0.3012895663721555,20
main,complete_weighted_oracle,adverse,128,0.1,population_return,-0.10395744270497395,-0.104440654286599,-0.1034742311233489,20
main,complete_weighted_oracle,adverse,128,0.1,q,0.22950543351546523,0.2282977448698061,0.23071312216112436,20
main,complete_weighted_oracle,adverse,128,0.1,pi1_a0,0.2171190354643652,0.21388055380781662,0.22035751712091378,20
main,uniform_action_oracle,adverse,128,0.1,population_return,0.07856312525840585,0.07173668154425604,0.08538956897255566,20
main,uniform_action_oracle,adverse,128,0.1,q,0.5369339500358621,0.5243011840819041,0.5495667159898201,20
main,uniform_action_oracle,adverse,128,0.1,pi1_a0,0.6862323142260741,0.6793340354261702,0.693130593025978,20
main,visitation_only_oracle,adverse,128,0.1,population_return,-0.07175807999705718,-0.072015511266947,-0.07150064872716735,20
main,visitation_only_oracle,adverse,128,0.1,q,0.19024852341484208,0.18949892115063288,0.19099812567905128,20
main,visitation_only_oracle,adverse,128,0.1,pi1_a0,0.0013337655747633196,0.0011480798629290748,0.0015194512865975645,20
main,full_pooled_fisher_oracle,adverse,128,0.1,population_return,0.2941297155072272,0.29337746488633093,0.2948819661281235,20
main,full_pooled_fisher_oracle,adverse,128,0.1,q,0.8275543008352104,0.8265262839415658,0.828582317728855,20
main,full_pooled_fisher_oracle,adverse,128,0.1,pi1_a0,0.8503116871494354,0.8499050298770403,0.8507183444218305,20
main,detached_conditional_sampled,adverse,128,0.1,population_return,-0.08952943890687134,-0.0903269084128076,-0.08873196940093508,20
main,detached_conditional_sampled,adverse,128,0.1,q,0.24718982348180848,0.24533487055928943,0.24904477640432754,20
main,detached_conditional_sampled,adverse,128,0.1,pi1_a0,0.2950985226103828,0.29045571580245244,0.2997413294183131,20
main,detached_conditional_oracle,adverse,128,0.2,population_return,0.10356383630263419,0.10212882540293484,0.10499884720233353,20
main,detached_conditional_oracle,adverse,128,0.2,q,0.5955607036013898,0.5931650346863964,0.5979563725163832,20
main,detached_conditional_oracle,adverse,128,0.2,pi1_a0,0.7328396312069815,0.7317398591531304,0.7339394032608325,20
main,complete_weighted_oracle,adverse,128,0.2,population_return,0.07887656007844268,0.07715960281058795,0.08059351734629741,20
main,complete_weighted_oracle,adverse,128,0.2,q,0.5472384855293717,0.5441161364322056,0.5503608346265378,20
main,complete_weighted_oracle,adverse,128,0.2,pi1_a0,0.7217010143562188,0.7203506360353719,0.7230513926770658,20
main,uniform_action_oracle,adverse,128,0.2,population_return,0.09447605539708806,0.09277093527019951,0.0961811755239766,20
main,uniform_action_oracle,adverse,128,0.2,q,0.6194142974517101,0.6166137960019928,0.6222147989014273,20
main,uniform_action_oracle,adverse,128,0.2,pi1_a0,0.6860523813390651,0.6844264384751482,0.687678324202982,20
main,visitation_only_oracle,adverse,128,0.2,population_return,-0.10966818544744153,-0.10997946093244361,-0.10935690996243945,20
main,visitation_only_oracle,adverse,128,0.2,q,0.319163226723991,0.31819021652328044,0.32013623692470156,20
main,visitation_only_oracle,adverse,128,0.2,pi1_a0,0.00367271801745712,0.003300580586483152,0.004044855448431088,20
main,full_pooled_fisher_oracle,adverse,128,0.2,population_return,0.129821147514431,0.1285653948938284,0.1310769001350336,20
main,full_pooled_fisher_oracle,adverse,128,0.2,q,0.6752712620496222,0.6733221819210964,0.677220342178148,20
main,full_pooled_fisher_oracle,adverse,128,0.2,pi1_a0,0.711501180452943,0.7104094182363332,0.7125929426695528,20
main,detached_conditional_sampled,adverse,128,0.2,population_return,0.10362273905258268,0.10222989419670761,0.10501558390845775,20
main,detached_conditional_sampled,adverse,128,0.2,q,0.5954364269109319,0.5929670289219496,0.5979058248999142,20
main,detached_conditional_sampled,adverse,128,0.2,pi1_a0,0.7330888056516658,0.7320789604563713,0.7340986508469602,20
gaussian,detached_conditional_oracle,adverse,32,0.1,population_return,-0.08951475746956719,-0.09181565690988988,-0.0872138580292445,20
gaussian,detached_conditional_oracle,adverse,32,0.1,q,0.24693487784964568,0.23811659996180973,0.25575315573748164,20
gaussian,detached_conditional_oracle,adverse,32,0.1,pi1_a0,0.2910152022355571,0.2757512550670922,0.306279149404022,20
gaussian,complete_weighted_oracle,adverse,32,0.1,population_return,-0.10301292655778194,-0.10448447263954166,-0.10154138047602221,20
gaussian,complete_weighted_oracle,adverse,32,0.1,q,0.23106592477616683,0.2235373103285838,0.23859453922374987,20
gaussian,complete_weighted_oracle,adverse,32,0.1,pi1_a0,0.22065711884131517,0.2089435292618978,0.23237070842073254,20
gaussian,uniform_action_oracle,adverse,32,0.1,population_return,0.0820289925946264,0.06477808617592966,0.09927989901332314,20
gaussian,uniform_action_oracle,adverse,32,0.1,q,0.5379905109591574,0.5055384085624074,0.5704426133559074,20
gaussian,uniform_action_oracle,adverse,32,0.1,pi1_a0,0.688534239402032,0.6725798029647205,0.7044886758393434,20
gaussian,visitation_only_oracle,adverse,32,0.1,population_return,-0.0713028165752156,-0.07295152760917797,-0.06965410554125323,20
gaussian,visitation_only_oracle,adverse,32,0.1,q,0.18918183250154372,0.18444569840114575,0.1939179666019417,20
gaussian,visitation_only_oracle,adverse,32,0.1,pi1_a0,0.0010795958509839786,0.0005588157963656,0.0016003759056023572,20
gaussian,full_pooled_fisher_oracle,adverse,32,0.1,population_return,0.2963945915881482,0.2931494567006796,0.29963972647561676,20
gaussian,full_pooled_fisher_oracle,adverse,32,0.1,q,0.831011459821798,0.8263991556915692,0.8356237639520269,20
gaussian,full_pooled_fisher_oracle,adverse,32,0.1,pi1_a0,0.8513208875098174,0.8490108712616314,0.8536309037580033,20
gaussian,detached_conditional_sampled,adverse,32,0.1,population_return,-0.09082863691043723,-0.09316772698027673,-0.08848954684059773,20
gaussian,detached_conditional_sampled,adverse,32,0.1,q,0.24501858178173888,0.2361491062360097,0.25388805732746805,20
gaussian,detached_conditional_sampled,adverse,32,0.1,pi1_a0,0.28353906752234576,0.26775715701716896,0.29932097802752256,20
processed,detached_conditional_oracle,adverse,128,0.1,population_return,-0.02055205492606055,-0.020726135137160144,-0.02037797471496096,20
processed,detached_conditional_oracle,adverse,128,0.1,q,0.03371100258107522,0.03329840766938108,0.03412359749276936,20
processed,detached_conditional_oracle,adverse,128,0.1,pi1_a0,0.02526913351377249,0.024087196722004794,0.026451070305540184,20
processed,complete_weighted_oracle,adverse,128,0.1,population_return,-0.02173454497450568,-0.021946071804003892,-0.021523018145007466,20
processed,complete_weighted_oracle,adverse,128,0.1,q,0.03677499912459548,0.036263048982580835,0.03728694926661013,20
processed,complete_weighted_oracle,adverse,128,0.1,pi1_a0,0.027305046202125142,0.025796463575973212,0.028813628828277073,20
processed,uniform_action_oracle,adverse,128,0.1,population_return,0.33002104621104367,0.30813293797406255,0.3519091544480248,20
processed,uniform_action_oracle,adverse,128,0.1,q,0.840977230865288,0.8099082047004551,0.8720462570301208,20
processed,uniform_action_oracle,adverse,128,0.1,pi1_a0,0.8818728945395151,0.8691463010586102,0.89459948802042,20
processed,visitation_only_oracle,adverse,128,0.1,population_return,-0.007569078722801289,-0.007673087144550897,-0.007465070301051682,20
processed,visitation_only_oracle,adverse,128,0.1,q,0.020208515574750837,0.019903826015126237,0.020513205134375437,20
processed,visitation_only_oracle,adverse,128,0.1,pi1_a0,0.00410189394863599,0.0035223686468434153,0.004681419250428564,20
processed,full_pooled_fisher_oracle,adverse,128,0.1,population_return,0.4693221462557398,0.469058030895114,0.46958626161636563,20
processed,full_pooled_fisher_oracle,adverse,128,0.1,q,0.9786858740975941,0.9783341561408152,0.979037592054373,20
processed,full_pooled_fisher_oracle,adverse,128,0.1,pi1_a0,0.965371180936887,0.9651078314829803,0.9656345303907937,20
processed,detached_conditional_sampled,adverse,128,0.1,population_return,-0.020541416978385914,-0.02072043891206432,-0.020362395044707507,20
processed,detached_conditional_sampled,adverse,128,0.1,q,0.03367135791402273,0.03325221427952027,0.03409050154852519,20
processed,detached_conditional_sampled,adverse,128,0.1,pi1_a0,0.02495833039000377,0.02380807003257445,0.02610859074743309,20
