update,environment_steps,reward_gradient_norm,barrier_gradient_norm,regularizer_gradient_norm,reward_regularizer_cosine,cosine_defined,beta
0,0,206.2231903076172,0.13893751800060272,0.0,nan,False,0.0
1,4000,215.9174041748047,0.1460697203874588,0.0,nan,False,0.0
2,8000,331.5262145996094,0.15049783885478973,0.0,nan,False,0.0
3,12000,212.843994140625,0.14358846843242645,0.0,nan,False,0.0
4,16000,145.7097930908203,0.13914847373962402,0.0,nan,False,0.0
5,20000,398.12579345703125,0.1358841210603714,0.0,nan,False,0.0
6,24000,431.0320739746094,0.13477300107479095,0.0,nan,False,0.0
7,28000,190.45843505859375,0.13300755620002747,0.0,nan,False,0.0
8,32000,304.5000915527344,0.13254082202911377,0.0,nan,False,0.0
9,36000,365.3671875,0.1323399692773819,0.0,nan,False,0.0
10,39917,166.61126708984375,0.13494881987571716,0.0,nan,False,0.0
11,43917,294.3954162597656,0.1390211582183838,0.0,nan,False,0.0
12,47917,285.7242126464844,0.13920685648918152,0.0,nan,False,0.0
13,51917,236.94659423828125,0.14130176603794098,0.0,nan,False,0.0
14,55917,166.54180908203125,0.1421806365251541,0.0,nan,False,0.0
15,59893,132.77044677734375,0.14400596916675568,0.0,nan,False,0.0
16,63893,438.7660827636719,0.13931863009929657,0.0,nan,False,0.0
17,67893,127.27952575683594,0.15210768580436707,0.0,nan,False,0.0
18,71893,273.06072998046875,0.1496243178844452,0.0,nan,False,0.0
19,75893,328.8392333984375,0.14507049322128296,0.0,nan,False,0.0
20,79832,134.5603485107422,0.15122681856155396,0.0,nan,False,0.0
21,83832,199.32681274414062,0.15572631359100342,0.0,nan,False,0.0
22,87832,227.83743286132812,0.15913940966129303,0.0,nan,False,0.0
23,91739,272.88604736328125,0.16130024194717407,0.0,nan,False,0.0
24,95666,183.00057983398438,0.16679373383522034,0.0,nan,False,0.0
25,99666,344.3855285644531,0.17491969466209412,0.0,nan,False,0.0
26,103666,247.01177978515625,0.174921914935112,0.0,nan,False,0.0
27,107664,284.7265930175781,0.17222006618976593,0.0,nan,False,0.0
28,111664,190.8305206298828,0.17578552663326263,0.0,nan,False,0.0
29,115664,221.38980102539062,0.17578211426734924,0.0,nan,False,0.0
30,119664,279.6597595214844,0.17701560258865356,0.0,nan,False,0.0
31,123664,127.01976776123047,0.17731426656246185,0.0,nan,False,0.0
32,127460,186.27029418945312,0.1759423315525055,0.0,nan,False,0.0
33,131460,290.226318359375,0.1754036247730255,0.0,nan,False,0.0
34,135287,276.93426513671875,0.17407432198524475,0.0,nan,False,0.0
35,139266,265.9906311035156,0.17829832434654236,0.0,nan,False,0.0
36,143247,229.5043182373047,0.17850317060947418,0.0,nan,False,0.0
37,147160,223.81161499023438,0.18023201823234558,0.0,nan,False,0.0
38,151160,284.21099853515625,0.1821458488702774,0.0,nan,False,0.0
39,155160,302.3354187011719,0.17728856205940247,0.0,nan,False,0.0
40,159160,299.3034973144531,0.17877312004566193,0.0,nan,False,0.0
41,163160,321.805908203125,0.17913715541362762,0.0,nan,False,0.0
42,167101,209.1498565673828,0.18147440254688263,0.0,nan,False,0.0
43,171101,437.4164123535156,0.1805974245071411,0.0,nan,False,0.0
44,175051,302.6917419433594,0.18039584159851074,0.0,nan,False,0.0
45,179051,254.2855987548828,0.1803959310054779,0.0,nan,False,0.0
46,183051,226.5291748046875,0.182515487074852,0.0,nan,False,0.0
47,187051,507.46856689453125,0.18044933676719666,0.0,nan,False,0.0
48,190943,448.66278076171875,0.1775503307580948,0.0,nan,False,0.0
49,194660,197.740966796875,0.1781994104385376,0.0,nan,False,0.0
50,198412,286.54522705078125,0.1743929237127304,0.0,nan,False,0.0
51,202241,259.3438720703125,0.1731933057308197,0.0,nan,False,0.0
52,206161,157.59237670898438,0.16657613217830658,0.0,nan,False,0.0
53,209938,364.64532470703125,0.1695386916399002,0.0,nan,False,0.0
54,213832,147.8922576904297,0.17070619761943817,0.0,nan,False,0.0
55,217622,242.39808654785156,0.17028775811195374,0.0,nan,False,0.0
56,221411,186.536376953125,0.16920912265777588,0.0,nan,False,0.0
57,225225,304.31787109375,0.16874410212039948,0.0,nan,False,0.0
58,228891,356.5412292480469,0.17316168546676636,0.0,nan,False,0.0
59,232595,524.3988647460938,0.17028926312923431,0.0,nan,False,0.0
60,236456,302.4130554199219,0.16987872123718262,0.0,nan,False,0.0
61,240185,480.21258544921875,0.16817645728588104,0.0,nan,False,0.0
62,243894,326.77020263671875,0.1720290631055832,0.0,nan,False,0.0
63,247673,332.57647705078125,0.17321521043777466,0.0,nan,False,0.0
64,251003,330.93048095703125,0.17846591770648956,0.0,nan,False,0.0
65,254753,177.73020935058594,0.17777054011821747,0.0,nan,False,0.0
66,258010,261.4351806640625,0.1774710863828659,0.0,nan,False,0.0
67,261216,342.3950500488281,0.1850041300058365,0.0,nan,False,0.0
68,264624,231.21363830566406,0.18867531418800354,0.0,nan,False,0.0
69,267758,291.2215881347656,0.2040240466594696,0.0,nan,False,0.0
70,270851,395.4226989746094,0.19572828710079193,0.0,nan,False,0.0
71,273444,287.7550964355469,0.20398420095443726,0.0,nan,False,0.0
72,276480,368.0406188964844,0.21084551513195038,0.0,nan,False,0.0
73,279450,276.6964416503906,0.23202313482761383,0.0,nan,False,0.0
74,281932,306.7109680175781,0.2263428121805191,0.0,nan,False,0.0
75,284372,374.5617980957031,0.23081839084625244,0.0,nan,False,0.0
76,286603,292.5705261230469,0.24521130323410034,0.0,nan,False,0.0
77,289073,356.2709045410156,0.31256720423698425,0.0,nan,False,0.0
78,291121,336.65313720703125,0.3244536221027374,0.0,nan,False,0.0
79,293679,123.34151458740234,0.27708113193511963,0.0,nan,False,0.0
80,295806,256.18524169921875,0.28005555272102356,0.0,nan,False,0.0
81,297923,266.13720703125,0.2734888792037964,0.0,nan,False,0.0
82,300147,127.1334228515625,0.3526129424571991,0.0,nan,False,0.0
83,302429,214.77923583984375,0.3131439685821533,0.0,nan,False,0.0
84,304404,424.557373046875,0.3041701316833496,0.0,nan,False,0.0
85,306466,184.11764526367188,0.30280739068984985,0.0,nan,False,0.0
86,308367,214.01699829101562,0.37344223260879517,0.0,nan,False,0.0
87,310366,117.19081115722656,0.33759087324142456,0.0,nan,False,0.0
88,312421,238.11033630371094,0.307572603225708,0.0,nan,False,0.0
89,314230,167.97840881347656,0.3625493347644806,0.0,nan,False,0.0
90,316031,192.42091369628906,0.3187234699726105,0.0,nan,False,0.0
91,318035,420.6444396972656,0.3498886525630951,0.0,nan,False,0.0
92,319897,317.3473815917969,0.348343163728714,0.0,nan,False,0.0
93,321616,136.26272583007812,0.40835362672805786,0.0,nan,False,0.0
94,323449,226.57887268066406,0.34085384011268616,0.0,nan,False,0.0
95,325110,213.69309997558594,0.38294199109077454,0.0,nan,False,0.0
96,326919,129.20791625976562,0.34261155128479004,0.0,nan,False,0.0
97,328402,353.438232421875,0.3867294490337372,0.0,nan,False,0.0
98,330208,276.63995361328125,0.36844927072525024,0.0,nan,False,0.0
99,331924,162.50271606445312,0.3901892900466919,0.0,nan,False,0.0
100,333359,243.4740753173828,0.3916139304637909,0.0,nan,False,0.0
101,334835,171.7450408935547,0.4260627031326294,0.0,nan,False,0.0
102,336373,221.91722106933594,0.42209890484809875,0.0,nan,False,0.0
103,338148,301.7862548828125,0.4763433039188385,0.0,nan,False,0.0
104,339580,349.7444152832031,0.44528284668922424,0.0,nan,False,0.0
105,341044,189.6411895751953,0.4482935965061188,0.0,nan,False,0.0
106,342366,185.42672729492188,0.48584598302841187,0.0,nan,False,0.0
107,343718,102.6014404296875,0.49540188908576965,0.0,nan,False,0.0
108,344970,231.80075073242188,0.4774211049079895,0.0,nan,False,0.0
109,346365,130.2672882080078,0.5039944648742676,0.0,nan,False,0.0
110,347739,202.8828125,0.5367571711540222,0.0,nan,False,0.0
111,349019,118.9533462524414,0.5138065814971924,0.0,nan,False,0.0
112,350293,111.3478012084961,0.5297341346740723,0.0,nan,False,0.0
113,351546,338.45184326171875,0.5784180164337158,0.0,nan,False,0.0
114,352947,196.087646484375,0.5658113956451416,0.0,nan,False,0.0
115,354467,162.32594299316406,0.5878307223320007,0.0,nan,False,0.0
116,355933,247.79307556152344,0.669355571269989,0.0,nan,False,0.0
117,357410,140.38633728027344,0.5710049271583557,0.0,nan,False,0.0
118,358738,266.37860107421875,0.8148490786552429,0.0,nan,False,0.0
119,360591,131.125244140625,0.6558011174201965,0.0,nan,False,0.0
120,361912,186.3949737548828,0.5893645286560059,0.0,nan,False,0.0
121,363092,168.9504852294922,0.7236780524253845,0.0,nan,False,0.0
122,364446,228.455810546875,0.6139965653419495,0.0,nan,False,0.0
123,365632,136.1306610107422,0.6997301578521729,0.0,nan,False,0.0
124,367073,135.83067321777344,0.6312727332115173,0.0,nan,False,0.0
125,368205,190.385009765625,0.6645593047142029,0.0,nan,False,0.0
126,369387,157.17169189453125,0.6169424057006836,0.0,nan,False,0.0
127,370552,96.32670593261719,0.6397141814231873,0.0,nan,False,0.0
128,371732,156.80471801757812,0.6702630519866943,0.0,nan,False,0.0
129,372880,142.1864776611328,0.6401661038398743,0.0,nan,False,0.0
130,373953,154.62791442871094,0.6984164118766785,0.0,nan,False,0.0
131,374963,145.38467407226562,0.669160008430481,0.0,nan,False,0.0
132,376112,208.1173095703125,0.6862346529960632,0.0,nan,False,0.0
133,377243,179.40980529785156,0.8152958154678345,0.0,nan,False,0.0
134,378712,147.48768615722656,0.7178443074226379,0.0,nan,False,0.0
135,379925,212.54998779296875,0.7155075073242188,0.0,nan,False,0.0
136,380987,215.10183715820312,0.6853087544441223,0.0,nan,False,0.0
137,382153,166.41802978515625,0.7048537731170654,0.0,nan,False,0.0
138,383251,124.33837890625,0.7271323204040527,0.0,nan,False,0.0
139,384391,206.20745849609375,0.8398665189743042,0.0,nan,False,0.0
140,385775,178.8486785888672,0.8894330859184265,0.0,nan,False,0.0
141,387173,126.23184967041016,0.754600465297699,0.0,nan,False,0.0
142,388203,156.2430419921875,0.7033608555793762,0.0,nan,False,0.0
143,389209,102.42459106445312,0.7099218368530273,0.0,nan,False,0.0
144,390295,153.82989501953125,0.8090352416038513,0.0,nan,False,0.0
145,391688,119.2894515991211,0.7049973011016846,0.0,nan,False,0.0
146,392619,175.1408233642578,0.7318733334541321,0.0,nan,False,0.0
147,393650,160.3242645263672,0.7245235443115234,0.0,nan,False,0.0
148,394757,182.54388427734375,0.7755737900733948,0.0,nan,False,0.0
149,395805,178.73902893066406,0.7777982950210571,0.0,nan,False,0.0
150,396880,169.07798767089844,0.8123432993888855,0.0,nan,False,0.0
151,397997,149.62918090820312,0.7909061908721924,0.0,nan,False,0.0
152,399125,142.554443359375,0.7819694876670837,0.0,nan,False,0.0
153,400040,74.778076171875,0.7847999334335327,0.0,nan,False,0.0
154,401004,146.32540893554688,0.7902808785438538,0.0,nan,False,0.0
155,401972,199.54954528808594,0.8303173184394836,0.0,nan,False,0.0
156,403012,116.6717758178711,0.7893673777580261,0.0,nan,False,0.0
157,403927,146.6036834716797,0.8146997690200806,0.0,nan,False,0.0
158,404881,171.89553833007812,0.8187137246131897,0.0,nan,False,0.0
159,405865,165.01426696777344,0.8572860360145569,0.0,nan,False,0.0
160,406876,121.93909454345703,0.9972133636474609,0.0,nan,False,0.0
161,408329,172.74794006347656,0.8425194025039673,0.0,nan,False,0.0
162,409285,164.65921020507812,0.8559978604316711,0.0,nan,False,0.0
163,410174,89.81852722167969,0.8769842386245728,0.0,nan,False,0.0
164,411270,186.5645751953125,0.8667684197425842,0.0,nan,False,0.0
165,412223,71.9625244140625,0.8600098490715027,0.0,nan,False,0.0
166,413138,116.55819702148438,0.8425844311714172,0.0,nan,False,0.0
167,413998,106.10840606689453,0.8696476221084595,0.0,nan,False,0.0
168,414873,160.31488037109375,0.8696736693382263,0.0,nan,False,0.0
169,415901,97.51123046875,0.8825064897537231,0.0,nan,False,0.0
170,416873,122.5973129272461,0.8813905119895935,0.0,nan,False,0.0
171,417728,151.1634521484375,0.9052281379699707,0.0,nan,False,0.0
172,418579,164.0728302001953,0.8914927840232849,0.0,nan,False,0.0
173,419529,202.3470916748047,1.0090762376785278,0.0,nan,False,0.0
174,420665,63.53940200805664,0.9019076228141785,0.0,nan,False,0.0
175,421505,87.056396484375,0.8541989922523499,0.0,nan,False,0.0
176,422461,159.601318359375,0.9059545397758484,0.0,nan,False,0.0
177,423316,186.47213745117188,0.9642840027809143,0.0,nan,False,0.0
178,424469,81.99726104736328,0.9036558866500854,0.0,nan,False,0.0
179,425397,223.74685668945312,0.9451411962509155,0.0,nan,False,0.0
180,426503,96.64346313476562,0.8933079242706299,0.0,nan,False,0.0
181,427383,185.38389587402344,0.8926536440849304,0.0,nan,False,0.0
182,428357,96.37823486328125,0.903159499168396,0.0,nan,False,0.0
183,429228,163.39401245117188,0.8809342980384827,0.0,nan,False,0.0
184,430189,91.79828643798828,0.9098901152610779,0.0,nan,False,0.0
185,431055,213.5953369140625,0.9318586587905884,0.0,nan,False,0.0
186,432045,110.53618621826172,0.9302923679351807,0.0,nan,False,0.0
187,432929,121.84368896484375,0.9893372058868408,0.0,nan,False,0.0
188,434116,244.1924591064453,0.9588838219642639,0.0,nan,False,0.0
189,435169,71.66273498535156,0.9266741871833801,0.0,nan,False,0.0
190,436050,118.60330200195312,0.8982427716255188,0.0,nan,False,0.0
191,436942,120.66068267822266,0.9243306517601013,0.0,nan,False,0.0
192,437766,115.56121063232422,0.9494794011116028,0.0,nan,False,0.0
193,438714,84.7943344116211,0.915012538433075,0.0,nan,False,0.0
194,439580,194.02415466308594,1.0173102617263794,0.0,nan,False,0.0
195,440610,164.1819305419922,0.9258694648742676,0.0,nan,False,0.0
196,441488,129.3712921142578,0.9744123220443726,0.0,nan,False,0.0
197,442405,124.22315216064453,0.9516358375549316,0.0,nan,False,0.0
198,443349,153.4697723388672,1.000773310661316,0.0,nan,False,0.0
199,444249,251.57415771484375,0.970314621925354,0.0,nan,False,0.0
200,445299,151.8162841796875,0.9850078821182251,0.0,nan,False,0.0
201,446205,63.65472412109375,0.9603563547134399,0.0,nan,False,0.0
202,447048,160.45431518554688,1.0137381553649902,0.0,nan,False,0.0
203,448053,140.5704345703125,0.9159637093544006,0.0,nan,False,0.0
204,448946,81.79007720947266,1.03675377368927,0.0,nan,False,0.0
205,449788,196.056884765625,0.9706405997276306,0.0,nan,False,0.0
206,450629,126.26341247558594,1.0074825286865234,0.0,nan,False,0.0
207,451538,133.31626892089844,1.0567481517791748,0.0,nan,False,0.0
208,452511,92.83839416503906,0.9862186312675476,0.0,nan,False,0.0
209,453318,134.78106689453125,1.034416913986206,0.0,nan,False,0.0
210,454127,198.07369995117188,0.9767374396324158,0.0,nan,False,0.0
211,455060,46.39879608154297,1.041630506515503,0.0,nan,False,0.0
212,455871,64.38106536865234,1.0199565887451172,0.0,nan,False,0.0
213,456602,160.06137084960938,1.0758124589920044,0.0,nan,False,0.0
214,457562,142.076171875,1.134010910987854,0.0,nan,False,0.0
215,458507,50.763633728027344,1.0452125072479248,0.0,nan,False,0.0
216,459280,81.5413818359375,1.11013662815094,0.0,nan,False,0.0
217,460144,158.16078186035156,1.1460319757461548,0.0,nan,False,0.0
218,461139,90.11337280273438,1.0640164613723755,0.0,nan,False,0.0
219,461960,67.1086196899414,1.0784235000610352,0.0,nan,False,0.0
220,462891,130.2794952392578,1.0888078212738037,0.0,nan,False,0.0
221,463710,88.75486755371094,1.0695736408233643,0.0,nan,False,0.0
222,464543,120.38021850585938,1.0812863111495972,0.0,nan,False,0.0
223,465420,196.4403533935547,1.1541318893432617,0.0,nan,False,0.0
224,466436,113.60867309570312,1.0775574445724487,0.0,nan,False,0.0
225,467316,141.58544921875,1.1307995319366455,0.0,nan,False,0.0
226,468315,91.09042358398438,1.095576524734497,0.0,nan,False,0.0
227,469080,62.13779830932617,1.0948100090026855,0.0,nan,False,0.0
228,469860,150.76329040527344,1.0973299741744995,0.0,nan,False,0.0
229,470718,105.72808837890625,1.1103804111480713,0.0,nan,False,0.0
230,471590,103.91671752929688,1.1227617263793945,0.0,nan,False,0.0
231,472426,192.15399169921875,1.195896863937378,0.0,nan,False,0.0
232,473502,87.69440460205078,1.148249864578247,0.0,nan,False,0.0
233,474289,142.50973510742188,1.1202481985092163,0.0,nan,False,0.0
234,475035,119.2507553100586,1.134964942932129,0.0,nan,False,0.0
235,475922,67.76551055908203,1.1079214811325073,0.0,nan,False,0.0
236,476665,102.67108917236328,1.11175537109375,0.0,nan,False,0.0
237,477455,153.9514617919922,1.1420907974243164,0.0,nan,False,0.0
238,478312,59.65340805053711,1.1597331762313843,0.0,nan,False,0.0
239,479141,162.8212890625,1.0804778337478638,0.0,nan,False,0.0
240,479898,324.0803527832031,1.314820408821106,0.0,nan,False,0.0
241,481063,124.70169830322266,1.2028145790100098,0.0,nan,False,0.0
242,481997,212.52647399902344,1.134049892425537,0.0,nan,False,0.0
243,482850,193.89495849609375,1.1406230926513672,0.0,nan,False,0.0
244,483754,86.2222671508789,1.1262900829315186,0.0,nan,False,0.0
245,484559,88.72213745117188,1.3197954893112183,0.0,nan,False,0.0
246,485690,60.999759674072266,1.1200724840164185,0.0,nan,False,0.0
247,486470,174.32717895507812,1.1656519174575806,0.0,nan,False,0.0
248,487361,135.12901306152344,1.1439216136932373,0.0,nan,False,0.0
249,488114,99.26394653320312,1.119322657585144,0.0,nan,False,0.0
250,488936,103.84935760498047,1.1506774425506592,0.0,nan,False,0.0
251,489759,101.1456069946289,1.1356412172317505,0.0,nan,False,0.0
252,490629,143.2797393798828,1.21855890750885,0.0,nan,False,0.0
253,491538,117.68655395507812,1.139713168144226,0.0,nan,False,0.0
254,492432,159.41322326660156,1.1449161767959595,0.0,nan,False,0.0
255,493325,126.91018676757812,1.1078405380249023,0.0,nan,False,0.0
256,494092,139.3556671142578,1.1384203433990479,0.0,nan,False,0.0
257,494979,94.55235290527344,1.1423420906066895,0.0,nan,False,0.0
258,495794,97.27645874023438,1.1460095643997192,0.0,nan,False,0.0
259,496588,115.87983703613281,1.1168248653411865,0.0,nan,False,0.0
260,497385,118.90875244140625,1.149099349975586,0.0,nan,False,0.0
261,498221,123.57010650634766,1.1237908601760864,0.0,nan,False,0.0
262,499171,179.66714477539062,1.229028582572937,0.0,nan,False,0.0
263,500248,82.12001037597656,1.1343352794647217,0.0,nan,False,0.0
264,501051,160.3551483154297,1.2364732027053833,0.0,nan,False,0.0
265,502136,199.3175506591797,1.1308257579803467,0.0,nan,False,0.0
266,503022,126.19415283203125,1.1865485906600952,0.0,nan,False,0.0
267,503984,183.2923583984375,1.108323574066162,0.0,nan,False,0.0
268,504843,82.26611328125,1.120147705078125,0.0,nan,False,0.0
269,505635,211.9005584716797,1.2006441354751587,0.0,nan,False,0.0
270,506582,62.33302307128906,1.1565381288528442,0.0,nan,False,0.0
271,507419,98.31673431396484,1.2728554010391235,0.0,nan,False,0.0
272,508440,95.17189025878906,1.1603305339813232,0.0,nan,False,0.0
273,509293,120.26752471923828,1.1689023971557617,0.0,nan,False,0.0
274,510192,228.63697814941406,1.1237784624099731,0.0,nan,False,0.0
275,510950,85.4640884399414,1.1382653713226318,0.0,nan,False,0.0
276,511710,203.12828063964844,1.155561923980713,0.0,nan,False,0.0
277,512514,129.0039825439453,1.1513423919677734,0.0,nan,False,0.0
278,513252,172.3807373046875,1.1916472911834717,0.0,nan,False,0.0
279,514159,158.7611083984375,1.1559158563613892,0.0,nan,False,0.0
280,515016,127.08914184570312,1.1468005180358887,0.0,nan,False,0.0
281,515813,192.9278564453125,1.170305848121643,0.0,nan,False,0.0
282,516646,160.72763061523438,1.1420297622680664,0.0,nan,False,0.0
283,517466,79.09298706054688,1.144349217414856,0.0,nan,False,0.0
284,518251,77.52526092529297,1.2002050876617432,0.0,nan,False,0.0
285,519019,58.86227798461914,1.201565146446228,0.0,nan,False,0.0
286,519758,189.2344970703125,1.1756136417388916,0.0,nan,False,0.0
287,520590,101.7857894897461,1.2013053894042969,0.0,nan,False,0.0
288,521338,110.56331634521484,1.206089735031128,0.0,nan,False,0.0
289,522079,163.87083435058594,1.2672945261001587,0.0,nan,False,0.0
290,523009,103.24679565429688,1.1996467113494873,0.0,nan,False,0.0
291,523763,95.4908447265625,1.20225191116333,0.0,nan,False,0.0
292,524535,236.2249755859375,1.2667843103408813,0.0,nan,False,0.0
293,525492,107.63253021240234,1.213218331336975,0.0,nan,False,0.0
294,526258,164.30760192871094,1.2589999437332153,0.0,nan,False,0.0
295,527169,60.70006561279297,1.1913304328918457,0.0,nan,False,0.0
296,527933,54.125953674316406,1.2548717260360718,0.0,nan,False,0.0
297,528755,169.42300415039062,1.315298318862915,0.0,nan,False,0.0
298,529813,99.32726287841797,1.197283148765564,0.0,nan,False,0.0
299,530515,64.45999145507812,1.2125036716461182,0.0,nan,False,0.0
300,531341,53.65756607055664,1.3397128582000732,0.0,nan,False,0.0
301,532369,93.25855255126953,1.204581618309021,0.0,nan,False,0.0
302,533115,71.8844223022461,1.1929869651794434,0.0,nan,False,0.0
303,533897,93.70185089111328,1.2581186294555664,0.0,nan,False,0.0
304,534823,239.86444091796875,1.2159348726272583,0.0,nan,False,0.0
305,535693,104.78590393066406,1.2154858112335205,0.0,nan,False,0.0
306,536429,97.33480072021484,1.1979942321777344,0.0,nan,False,0.0
307,537167,117.05138397216797,1.3173301219940186,0.0,nan,False,0.0
308,538073,134.60272216796875,1.184438943862915,0.0,nan,False,0.0
309,538839,120.98670196533203,1.2553999423980713,0.0,nan,False,0.0
310,539676,106.73882293701172,1.1661221981048584,0.0,nan,False,0.0
311,540449,194.1533966064453,1.2240625619888306,0.0,nan,False,0.0
312,541287,132.993408203125,1.2272758483886719,0.0,nan,False,0.0
313,542251,66.16442108154297,1.191082239151001,0.0,nan,False,0.0
314,543001,149.6193389892578,1.1841528415679932,0.0,nan,False,0.0
315,543769,100.55805969238281,1.2271846532821655,0.0,nan,False,0.0
316,544648,99.52131652832031,1.2375514507293701,0.0,nan,False,0.0
317,545482,138.18341064453125,1.2330106496810913,0.0,nan,False,0.0
318,546279,142.03689575195312,1.2234129905700684,0.0,nan,False,0.0
319,547052,125.25699615478516,1.2237622737884521,0.0,nan,False,0.0
320,547883,77.42208862304688,1.196456789970398,0.0,nan,False,0.0
321,548635,134.3502960205078,1.1906940937042236,0.0,nan,False,0.0
322,549344,176.2979736328125,1.250948190689087,0.0,nan,False,0.0
323,550188,83.96066284179688,1.2365696430206299,0.0,nan,False,0.0
324,551027,109.08712005615234,1.171869158744812,0.0,nan,False,0.0
325,551769,105.27483367919922,1.2229505777359009,0.0,nan,False,0.0
326,552490,99.53453826904297,1.2154316902160645,0.0,nan,False,0.0
327,553228,145.7744140625,1.2820966243743896,0.0,nan,False,0.0
328,554156,91.73729705810547,1.1891772747039795,0.0,nan,False,0.0
329,554922,127.93853759765625,1.1984941959381104,0.0,nan,False,0.0
330,555690,142.73609924316406,1.2166919708251953,0.0,nan,False,0.0
331,556481,113.42937469482422,1.184324860572815,0.0,nan,False,0.0
332,557282,80.26152801513672,1.2276344299316406,0.0,nan,False,0.0
333,558000,102.35917663574219,1.2382774353027344,0.0,nan,False,0.0
334,558765,101.74147033691406,1.2243930101394653,0.0,nan,False,0.0
335,559551,143.5058135986328,1.2132385969161987,0.0,nan,False,0.0
336,560283,116.30535125732422,1.2165911197662354,0.0,nan,False,0.0
337,561073,83.68944549560547,1.204218864440918,0.0,nan,False,0.0
338,561818,86.1673355102539,1.2728439569473267,0.0,nan,False,0.0
339,562681,140.81358337402344,1.2308318614959717,0.0,nan,False,0.0
340,563416,110.02227783203125,1.237532138824463,0.0,nan,False,0.0
341,564198,116.0516357421875,1.2257314920425415,0.0,nan,False,0.0
342,564896,160.90077209472656,1.2601195573806763,0.0,nan,False,0.0
343,565690,140.85279846191406,1.26962411403656,0.0,nan,False,0.0
344,566552,168.52703857421875,1.2994087934494019,0.0,nan,False,0.0
345,567322,146.8940887451172,1.4778493642807007,0.0,nan,False,0.0
346,568555,87.07840728759766,1.246414303779602,0.0,nan,False,0.0
347,569316,106.9404296875,1.264740228652954,0.0,nan,False,0.0
348,570073,89.52814483642578,1.2646162509918213,0.0,nan,False,0.0
349,570853,126.5657730102539,1.2364869117736816,0.0,nan,False,0.0
350,571618,160.68968200683594,1.2630516290664673,0.0,nan,False,0.0
351,572436,115.18201446533203,1.2659491300582886,0.0,nan,False,0.0
352,573181,103.83094787597656,1.3680429458618164,0.0,nan,False,0.0
353,574157,92.67053985595703,1.2967296838760376,0.0,nan,False,0.0
354,574972,96.45525360107422,1.2610899209976196,0.0,nan,False,0.0
355,575820,71.0739974975586,1.3256993293762207,0.0,nan,False,0.0
356,576543,71.75740051269531,1.2665581703186035,0.0,nan,False,0.0
357,577235,157.788818359375,1.2552226781845093,0.0,nan,False,0.0
358,577964,190.13067626953125,1.3121747970581055,0.0,nan,False,0.0
359,578792,213.64466857910156,1.3365280628204346,0.0,nan,False,0.0
360,579685,138.87689208984375,1.3237342834472656,0.0,nan,False,0.0
361,580480,188.8258819580078,1.324166178703308,0.0,nan,False,0.0
362,581415,118.3696517944336,1.262687087059021,0.0,nan,False,0.0
363,582255,183.3304443359375,1.2824934720993042,0.0,nan,False,0.0
364,583014,96.7671890258789,1.2885339260101318,0.0,nan,False,0.0
365,583734,143.55726623535156,1.404128074645996,0.0,nan,False,0.0
366,584711,162.246826171875,1.3340703248977661,0.0,nan,False,0.0
367,585467,120.7048568725586,1.2872099876403809,0.0,nan,False,0.0
368,586152,119.2139892578125,1.3123836517333984,0.0,nan,False,0.0
369,586844,58.98478317260742,1.282400131225586,0.0,nan,False,0.0
370,587630,139.40716552734375,1.292924404144287,0.0,nan,False,0.0
371,588346,83.23770904541016,1.2743643522262573,0.0,nan,False,0.0
372,589106,147.0227508544922,1.3378260135650635,0.0,nan,False,0.0
373,589902,143.842041015625,1.3734936714172363,0.0,nan,False,0.0
374,590865,119.2143325805664,1.3023407459259033,0.0,nan,False,0.0
375,591609,104.72692108154297,1.30512535572052,0.0,nan,False,0.0
376,592321,120.19290924072266,1.2897881269454956,0.0,nan,False,0.0
377,593027,120.09774780273438,1.3468400239944458,0.0,nan,False,0.0
378,593925,92.69953918457031,1.317225456237793,0.0,nan,False,0.0
379,594659,132.29493713378906,1.2974070310592651,0.0,nan,False,0.0
380,595421,108.15505981445312,1.2879077196121216,0.0,nan,False,0.0
381,596170,112.6022720336914,1.300524115562439,0.0,nan,False,0.0
382,596909,158.9717254638672,1.2822626829147339,0.0,nan,False,0.0
383,597679,98.19062042236328,1.2997983694076538,0.0,nan,False,0.0
384,598410,256.5223388671875,1.3590610027313232,0.0,nan,False,0.0
385,599341,83.88993835449219,1.247226357460022,0.0,nan,False,0.0
386,600090,90.34500885009766,1.2724566459655762,0.0,nan,False,0.0
387,600828,129.92779541015625,1.3081685304641724,0.0,nan,False,0.0
388,601632,159.84344482421875,1.330074667930603,0.0,nan,False,0.0
389,602392,129.189697265625,1.280140995979309,0.0,nan,False,0.0
390,603103,162.08084106445312,1.2702198028564453,0.0,nan,False,0.0
391,603835,110.42927551269531,1.3000094890594482,0.0,nan,False,0.0
392,604607,169.082275390625,1.3488069772720337,0.0,nan,False,0.0
393,605425,127.09098815917969,1.3480933904647827,0.0,nan,False,0.0
394,606227,100.04978942871094,1.2854832410812378,0.0,nan,False,0.0
395,606958,87.91694641113281,1.2693538665771484,0.0,nan,False,0.0
396,607668,103.73463439941406,1.3114680051803589,0.0,nan,False,0.0
397,608393,50.60279846191406,1.2857311964035034,0.0,nan,False,0.0
398,609142,227.39161682128906,1.285926342010498,0.0,nan,False,0.0
399,609954,99.15232849121094,1.3421446084976196,0.0,nan,False,0.0
400,610913,126.69670104980469,1.2923932075500488,0.0,nan,False,0.0
401,611652,131.62255859375,1.2707159519195557,0.0,nan,False,0.0
402,612444,85.01148223876953,1.2962441444396973,0.0,nan,False,0.0
403,613167,62.160152435302734,1.253462314605713,0.0,nan,False,0.0
404,613856,68.45956420898438,1.2953161001205444,0.0,nan,False,0.0
405,614645,145.8710174560547,1.3542888164520264,0.0,nan,False,0.0
406,615439,148.36868286132812,1.3213258981704712,0.0,nan,False,0.0
407,616235,96.18567657470703,1.2822660207748413,0.0,nan,False,0.0
408,616972,195.85955810546875,1.3572489023208618,0.0,nan,False,0.0
409,617826,178.2853546142578,1.3592681884765625,0.0,nan,False,0.0
410,618749,137.2476348876953,1.3541206121444702,0.0,nan,False,0.0
411,619657,96.99339294433594,1.3031222820281982,0.0,nan,False,0.0
412,620425,141.6524658203125,1.3201271295547485,0.0,nan,False,0.0
413,621207,94.3597640991211,1.2869577407836914,0.0,nan,False,0.0
414,621975,119.08866119384766,1.2666610479354858,0.0,nan,False,0.0
415,622714,168.31048583984375,1.256867527961731,0.0,nan,False,0.0
416,623520,94.31123352050781,1.301573395729065,0.0,nan,False,0.0
417,624252,128.60861206054688,1.3009397983551025,0.0,nan,False,0.0
418,625006,110.30010986328125,1.31081223487854,0.0,nan,False,0.0
419,625759,187.92202758789062,1.327432632446289,0.0,nan,False,0.0
420,626630,121.59780883789062,1.2953901290893555,0.0,nan,False,0.0
421,627435,57.263671875,1.2838492393493652,0.0,nan,False,0.0
422,628168,66.31967163085938,1.3281587362289429,0.0,nan,False,0.0
423,628972,103.9909439086914,1.2827399969100952,0.0,nan,False,0.0
424,629751,103.01457977294922,1.2702863216400146,0.0,nan,False,0.0
425,630511,90.11271667480469,1.2619595527648926,0.0,nan,False,0.0
426,631236,172.36842346191406,1.2875127792358398,0.0,nan,False,0.0
427,632063,139.52154541015625,1.2599085569381714,0.0,nan,False,0.0
428,632959,251.73800659179688,1.3494980335235596,0.0,nan,False,0.0
429,633983,115.92852783203125,1.2809021472930908,0.0,nan,False,0.0
430,634737,56.753326416015625,1.3058907985687256,0.0,nan,False,0.0
431,635487,118.70756530761719,1.2803058624267578,0.0,nan,False,0.0
432,636201,116.69227600097656,1.2875745296478271,0.0,nan,False,0.0
433,636933,90.17265319824219,1.288891315460205,0.0,nan,False,0.0
434,637666,135.83895874023438,1.291694164276123,0.0,nan,False,0.0
435,638475,131.01358032226562,1.34501051902771,0.0,nan,False,0.0
436,639238,64.9074935913086,1.2642064094543457,0.0,nan,False,0.0
437,639934,113.07373046875,1.285209059715271,0.0,nan,False,0.0
438,640630,178.6600341796875,1.2796201705932617,0.0,nan,False,0.0
439,641407,65.9171142578125,1.287566900253296,0.0,nan,False,0.0
440,642132,67.28782653808594,1.3241205215454102,0.0,nan,False,0.0
441,642891,129.50489807128906,1.3093713521957397,0.0,nan,False,0.0
442,643647,125.40083312988281,1.2968406677246094,0.0,nan,False,0.0
443,644390,104.56607055664062,1.3833706378936768,0.0,nan,False,0.0
444,645338,67.6422119140625,1.3207595348358154,0.0,nan,False,0.0
445,646047,100.31909942626953,1.3454556465148926,0.0,nan,False,0.0
446,646806,259.3218688964844,1.3871454000473022,0.0,nan,False,0.0
447,647748,115.89530181884766,1.338700771331787,0.0,nan,False,0.0
448,648503,125.71285247802734,1.3072197437286377,0.0,nan,False,0.0
449,649216,93.94335174560547,1.3125370740890503,0.0,nan,False,0.0
450,649959,135.65457153320312,1.355777382850647,0.0,nan,False,0.0
451,650806,168.94207763671875,1.3206671476364136,0.0,nan,False,0.0
452,651518,73.8397445678711,1.3187484741210938,0.0,nan,False,0.0
453,652275,58.48352813720703,1.2896283864974976,0.0,nan,False,0.0
454,653004,67.02516174316406,1.3287131786346436,0.0,nan,False,0.0
455,653707,125.88799285888672,1.3126834630966187,0.0,nan,False,0.0
456,654470,68.88361358642578,1.35967218875885,0.0,nan,False,0.0
457,655191,76.30984497070312,1.3253012895584106,0.0,nan,False,0.0
458,655912,102.99635314941406,1.3651982545852661,0.0,nan,False,0.0
459,656679,109.67381286621094,1.3452807664871216,0.0,nan,False,0.0
460,657391,144.05596923828125,1.3927934169769287,0.0,nan,False,0.0
461,658257,154.91249084472656,1.3720693588256836,0.0,nan,False,0.0
462,659037,149.6685028076172,1.3434419631958008,0.0,nan,False,0.0
463,659744,97.77669525146484,1.353244423866272,0.0,nan,False,0.0
464,660469,100.54825592041016,1.3660732507705688,0.0,nan,False,0.0
465,661188,124.33556365966797,1.3442350625991821,0.0,nan,False,0.0
466,661902,132.19923400878906,1.3507533073425293,0.0,nan,False,0.0
467,662643,87.43205261230469,1.3511059284210205,0.0,nan,False,0.0
468,663345,83.16384887695312,1.3287429809570312,0.0,nan,False,0.0
469,664047,193.08383178710938,1.4086378812789917,0.0,nan,False,0.0
470,664967,132.77467346191406,1.3269872665405273,0.0,nan,False,0.0
471,665687,93.00498962402344,1.343927025794983,0.0,nan,False,0.0
472,666333,114.84662628173828,1.345350980758667,0.0,nan,False,0.0
473,667026,114.86701965332031,1.4298596382141113,0.0,nan,False,0.0
474,667948,79.03862762451172,1.319070816040039,0.0,nan,False,0.0
475,668699,153.55618286132812,1.3539304733276367,0.0,nan,False,0.0
476,669464,114.01885986328125,1.361236810684204,0.0,nan,False,0.0
477,670245,96.75535583496094,1.3613423109054565,0.0,nan,False,0.0
478,670999,129.58938598632812,1.3420418500900269,0.0,nan,False,0.0
479,671688,166.56011962890625,1.3811041116714478,0.0,nan,False,0.0
480,672506,82.31227111816406,1.362774133682251,0.0,nan,False,0.0
481,673327,125.55360412597656,1.3637032508850098,0.0,nan,False,0.0
482,674147,98.74641418457031,1.385421633720398,0.0,nan,False,0.0
483,674933,114.31995391845703,1.3564976453781128,0.0,nan,False,0.0
484,675697,130.29214477539062,1.3526314496994019,0.0,nan,False,0.0
485,676430,98.08645629882812,1.333055853843689,0.0,nan,False,0.0
486,677095,63.53538513183594,1.3115729093551636,0.0,nan,False,0.0
487,677802,100.20370483398438,1.3609970808029175,0.0,nan,False,0.0
488,678523,154.86058044433594,1.3329648971557617,0.0,nan,False,0.0
489,679221,81.4273452758789,1.335353970527649,0.0,nan,False,0.0
490,679912,134.04615783691406,1.3132671117782593,0.0,nan,False,0.0
491,680638,80.58470153808594,1.3602155447006226,0.0,nan,False,0.0
492,681401,98.4469985961914,1.383882761001587,0.0,nan,False,0.0
493,682171,210.57760620117188,1.3496352434158325,0.0,nan,False,0.0
494,682963,167.20928955078125,1.3452832698822021,0.0,nan,False,0.0
495,683751,127.63233184814453,1.3281067609786987,0.0,nan,False,0.0
496,684538,93.88067626953125,1.3461604118347168,0.0,nan,False,0.0
497,685285,143.98634338378906,1.3774492740631104,0.0,nan,False,0.0
498,686115,191.45608520507812,1.353049874305725,0.0,nan,False,0.0
499,686877,123.27582550048828,1.3555675745010376,0.0,nan,False,0.0
500,687623,77.71012878417969,1.3269542455673218,0.0,nan,False,0.0
501,688334,170.29486083984375,1.355652093887329,0.0,nan,False,0.0
502,689068,170.76260375976562,1.37882399559021,0.0,nan,False,0.0
503,689781,121.97441101074219,1.3630260229110718,0.0,nan,False,0.0
504,690459,118.75293731689453,1.3495928049087524,0.0,nan,False,0.0
505,691186,170.56918334960938,1.392161250114441,0.0,nan,False,0.0
506,691984,119.08645629882812,1.3616812229156494,0.0,nan,False,0.0
507,692727,128.03001403808594,1.3376753330230713,0.0,nan,False,0.0
508,693456,121.04750061035156,1.3759998083114624,0.0,nan,False,0.0
509,694188,112.34765625,1.3957185745239258,0.0,nan,False,0.0
510,695006,139.48275756835938,1.3755418062210083,0.0,nan,False,0.0
511,695770,69.5031967163086,1.3610509634017944,0.0,nan,False,0.0
512,696458,66.71485137939453,1.4306310415267944,0.0,nan,False,0.0
513,697417,132.24526977539062,1.3850078582763672,0.0,nan,False,0.0
514,698283,92.75740051269531,1.3937788009643555,0.0,nan,False,0.0
515,699065,98.85533142089844,1.3451259136199951,0.0,nan,False,0.0
516,699743,119.11947631835938,1.3559718132019043,0.0,nan,False,0.0
517,700458,135.0858612060547,1.36331045627594,0.0,nan,False,0.0
518,701160,172.66162109375,1.4768673181533813,0.0,nan,False,0.0
519,702187,129.86959838867188,1.3605564832687378,0.0,nan,False,0.0
520,702939,166.0776824951172,1.424951434135437,0.0,nan,False,0.0
521,703786,35.26840591430664,1.3633109331130981,0.0,nan,False,0.0
522,704478,86.83386993408203,1.3927398920059204,0.0,nan,False,0.0
523,705261,102.54824829101562,1.389957070350647,0.0,nan,False,0.0
524,705994,130.05421447753906,1.3729320764541626,0.0,nan,False,0.0
525,706762,45.31083679199219,1.3668960332870483,0.0,nan,False,0.0
526,707456,158.32989501953125,1.4146130084991455,0.0,nan,False,0.0
527,708233,110.9363021850586,1.3749589920043945,0.0,nan,False,0.0
528,709017,65.13865661621094,1.4805395603179932,0.0,nan,False,0.0
529,709891,103.69194030761719,1.3995870351791382,0.0,nan,False,0.0
530,710731,112.72408294677734,1.39236581325531,0.0,nan,False,0.0
531,711481,105.51534271240234,1.3933703899383545,0.0,nan,False,0.0
532,712234,123.26253509521484,1.3772417306900024,0.0,nan,False,0.0
533,712967,153.51756286621094,1.3831731081008911,0.0,nan,False,0.0
534,713783,71.0228500366211,1.3732824325561523,0.0,nan,False,0.0
535,714501,57.40262985229492,1.3545894622802734,0.0,nan,False,0.0
536,715204,72.74256896972656,1.3457043170928955,0.0,nan,False,0.0
537,715852,177.41958618164062,1.3696215152740479,0.0,nan,False,0.0
538,716546,83.93413543701172,1.3782861232757568,0.0,nan,False,0.0
539,717213,136.19244384765625,1.3999711275100708,0.0,nan,False,0.0
540,717967,63.59941864013672,1.3647699356079102,0.0,nan,False,0.0
541,718645,95.0125732421875,1.3660036325454712,0.0,nan,False,0.0
542,719376,111.00151824951172,1.3666080236434937,0.0,nan,False,0.0
543,720101,166.3507843017578,1.3492051362991333,0.0,nan,False,0.0
544,720875,197.3544158935547,1.3513150215148926,0.0,nan,False,0.0
545,721626,99.40877532958984,1.3911397457122803,0.0,nan,False,0.0
546,722377,139.11199951171875,1.3834952116012573,0.0,nan,False,0.0
547,723132,97.67449188232422,1.3735023736953735,0.0,nan,False,0.0
548,723892,126.32923889160156,1.3998245000839233,0.0,nan,False,0.0
549,724625,55.667842864990234,1.3979003429412842,0.0,nan,False,0.0
550,725330,76.46063995361328,1.370694875717163,0.0,nan,False,0.0
551,726036,109.16968536376953,1.3701547384262085,0.0,nan,False,0.0
552,726786,146.2838897705078,1.4546738862991333,0.0,nan,False,0.0
553,727559,99.02318572998047,1.4001262187957764,0.0,nan,False,0.0
554,728325,125.03038024902344,1.385599136352539,0.0,nan,False,0.0
555,729027,184.47463989257812,1.5302119255065918,0.0,nan,False,0.0
556,730083,157.87969970703125,1.436554193496704,0.0,nan,False,0.0
557,730852,196.10443115234375,1.456195592880249,0.0,nan,False,0.0
558,731641,199.31900024414062,1.4380369186401367,0.0,nan,False,0.0
559,732488,150.4387664794922,1.4116954803466797,0.0,nan,False,0.0
560,733261,67.68297576904297,1.4211822748184204,0.0,nan,False,0.0
561,733969,136.30223083496094,1.407654047012329,0.0,nan,False,0.0
562,734707,69.66389465332031,1.412217378616333,0.0,nan,False,0.0
563,735394,129.41864013671875,1.4093647003173828,0.0,nan,False,0.0
564,736112,124.80923461914062,1.4117157459259033,0.0,nan,False,0.0
565,736871,109.64500427246094,1.4333823919296265,0.0,nan,False,0.0
566,737573,135.81253051757812,1.440800428390503,0.0,nan,False,0.0
567,738336,94.30270385742188,1.4425208568572998,0.0,nan,False,0.0
568,738981,167.8784942626953,1.4795795679092407,0.0,nan,False,0.0
569,739803,160.03030395507812,1.4685852527618408,0.0,nan,False,0.0
570,740552,110.8722152709961,1.453682780265808,0.0,nan,False,0.0
571,741344,62.83972930908203,1.4052597284317017,0.0,nan,False,0.0
572,742075,111.73683166503906,1.434505581855774,0.0,nan,False,0.0
573,742767,123.37940979003906,1.4369289875030518,0.0,nan,False,0.0
574,743535,52.135101318359375,1.438736081123352,0.0,nan,False,0.0
575,744200,97.96147918701172,1.4626028537750244,0.0,nan,False,0.0
576,745008,99.30541229248047,1.442466378211975,0.0,nan,False,0.0
577,745756,86.04973602294922,1.458021640777588,0.0,nan,False,0.0
578,746569,140.87057495117188,1.4874953031539917,0.0,nan,False,0.0
579,747275,119.0538330078125,1.4495586156845093,0.0,nan,False,0.0
580,748002,145.7064971923828,1.4317288398742676,0.0,nan,False,0.0
581,748739,68.55402374267578,1.4310623407363892,0.0,nan,False,0.0
582,749445,126.95853424072266,1.442101240158081,0.0,nan,False,0.0
583,750170,54.23681640625,1.4268113374710083,0.0,nan,False,0.0
584,750837,163.75489807128906,1.4863967895507812,0.0,nan,False,0.0
585,751787,171.84190368652344,1.483873724937439,0.0,nan,False,0.0
586,752534,128.9082489013672,1.4524519443511963,0.0,nan,False,0.0
587,753217,156.85069274902344,1.4612277746200562,0.0,nan,False,0.0
588,753843,115.32012939453125,1.5243972539901733,0.0,nan,False,0.0
589,754639,128.5358123779297,1.4642366170883179,0.0,nan,False,0.0
590,755312,106.0384750366211,1.4954496622085571,0.0,nan,False,0.0
591,756041,65.40987396240234,1.5040934085845947,0.0,nan,False,0.0
592,756790,103.81985473632812,1.4814962148666382,0.0,nan,False,0.0
593,757523,78.78514862060547,1.4530926942825317,0.0,nan,False,0.0
594,758240,73.99647521972656,1.475740671157837,0.0,nan,False,0.0
595,758925,168.1323699951172,1.518534779548645,0.0,nan,False,0.0
596,759708,88.29084777832031,1.4630502462387085,0.0,nan,False,0.0
597,760369,175.92037963867188,1.4932612180709839,0.0,nan,False,0.0
598,761164,141.25596618652344,1.4665701389312744,0.0,nan,False,0.0
599,761825,240.09075927734375,1.5044713020324707,0.0,nan,False,0.0
600,762652,95.16400146484375,1.459561824798584,0.0,nan,False,0.0
601,763317,142.54690551757812,1.5241881608963013,0.0,nan,False,0.0
602,764124,135.26773071289062,1.4566712379455566,0.0,nan,False,0.0
603,764847,72.16455078125,1.4662386178970337,0.0,nan,False,0.0
604,765508,129.50328063964844,1.5202986001968384,0.0,nan,False,0.0
605,766297,102.01305389404297,1.4832100868225098,0.0,nan,False,0.0
606,766968,176.415283203125,1.5901291370391846,0.0,nan,False,0.0
607,767929,107.48724365234375,1.4915510416030884,0.0,nan,False,0.0
608,768600,187.2510223388672,1.5871281623840332,0.0,nan,False,0.0
609,769444,89.16169738769531,1.5572634935379028,0.0,nan,False,0.0
610,770246,97.18549346923828,1.493952989578247,0.0,nan,False,0.0
611,770973,83.97732543945312,1.4907621145248413,0.0,nan,False,0.0
612,771664,72.26869201660156,1.4799168109893799,0.0,nan,False,0.0
613,772301,231.4657745361328,1.6122981309890747,0.0,nan,False,0.0
614,773501,75.15082550048828,1.5519391298294067,0.0,nan,False,0.0
615,774308,184.37066650390625,1.5927609205245972,0.0,nan,False,0.0
616,775196,133.30007934570312,1.503216028213501,0.0,nan,False,0.0
617,775983,119.97930908203125,1.5350879430770874,0.0,nan,False,0.0
618,776777,116.39813995361328,1.4499655961990356,0.0,nan,False,0.0
619,777479,53.9266242980957,1.4700181484222412,0.0,nan,False,0.0
620,778211,139.91038513183594,1.571065902709961,0.0,nan,False,0.0
621,779109,101.48969268798828,1.4724433422088623,0.0,nan,False,0.0
622,779804,163.08432006835938,1.497109055519104,0.0,nan,False,0.0
623,780472,92.83043670654297,1.48763906955719,0.0,nan,False,0.0
624,781192,154.54681396484375,1.545504093170166,0.0,nan,False,0.0
625,781977,138.6814727783203,1.5094246864318848,0.0,nan,False,0.0
626,782645,100.65473937988281,1.483154058456421,0.0,nan,False,0.0
627,783272,87.34319305419922,1.4848768711090088,0.0,nan,False,0.0
628,784018,102.93360900878906,1.5158923864364624,0.0,nan,False,0.0
629,784698,145.92823791503906,1.5414867401123047,0.0,nan,False,0.0
630,785540,248.25421142578125,1.57852041721344,0.0,nan,False,0.0
631,786636,101.64815521240234,1.498260498046875,0.0,nan,False,0.0
632,787315,188.56744384765625,1.6242049932479858,0.0,nan,False,0.0
633,788520,165.50230407714844,1.5953561067581177,0.0,nan,False,0.0
634,789402,144.38348388671875,1.5193768739700317,0.0,nan,False,0.0
635,790110,141.4767608642578,1.4989999532699585,0.0,nan,False,0.0
636,790819,58.16643142700195,1.4858930110931396,0.0,nan,False,0.0
637,791512,97.76592254638672,1.4546974897384644,0.0,nan,False,0.0
638,792202,107.35630798339844,1.5192753076553345,0.0,nan,False,0.0
639,792959,101.72637939453125,1.5045194625854492,0.0,nan,False,0.0
640,793721,206.44004821777344,1.5013031959533691,0.0,nan,False,0.0
641,794498,114.66171264648438,1.4893105030059814,0.0,nan,False,0.0
642,795135,84.35446166992188,1.5165092945098877,0.0,nan,False,0.0
643,795795,63.73986053466797,1.4539823532104492,0.0,nan,False,0.0
644,796511,78.06243133544922,1.4678765535354614,0.0,nan,False,0.0
645,797187,169.63890075683594,1.5482951402664185,0.0,nan,False,0.0
646,798085,113.75907897949219,1.5331768989562988,0.0,nan,False,0.0
647,798869,63.911651611328125,1.5383248329162598,0.0,nan,False,0.0
648,799652,163.5291748046875,1.5203081369400024,0.0,nan,False,0.0
649,800415,97.61054992675781,1.4803820848464966,0.0,nan,False,0.0
650,801235,153.39089965820312,1.5312328338623047,0.0,nan,False,0.0
651,802101,113.23353576660156,1.5465573072433472,0.0,nan,False,0.0
652,802997,153.2619171142578,1.517966866493225,0.0,nan,False,0.0
653,803741,111.63732147216797,1.5168180465698242,0.0,nan,False,0.0
654,804503,151.08660888671875,1.4976166486740112,0.0,nan,False,0.0
655,805305,67.95651245117188,1.5091495513916016,0.0,nan,False,0.0
656,806001,107.94631958007812,1.4747883081436157,0.0,nan,False,0.0
657,806680,144.1644287109375,1.478960633277893,0.0,nan,False,0.0
658,807345,176.46255493164062,1.5204075574874878,0.0,nan,False,0.0
659,808157,168.25926208496094,1.5415070056915283,0.0,nan,False,0.0
660,808986,96.4272232055664,1.5268548727035522,0.0,nan,False,0.0
661,809743,144.34567260742188,1.5531717538833618,0.0,nan,False,0.0
662,810668,82.44454193115234,1.4490070343017578,0.0,nan,False,0.0
663,811306,80.1792221069336,1.4925897121429443,0.0,nan,False,0.0
664,811988,86.45368194580078,1.484643578529358,0.0,nan,False,0.0
665,812700,75.3781967163086,1.4282525777816772,0.0,nan,False,0.0
666,813378,96.73017120361328,1.486060619354248,0.0,nan,False,0.0
667,814062,189.59397888183594,1.4285670518875122,0.0,nan,False,0.0
668,814740,151.56765747070312,1.6008249521255493,0.0,nan,False,0.0
669,815827,54.79447555541992,1.4755706787109375,0.0,nan,False,0.0
670,816544,136.37599182128906,1.496002197265625,0.0,nan,False,0.0
671,817318,108.80030822753906,1.533721923828125,0.0,nan,False,0.0
672,818214,130.98704528808594,1.4828966856002808,0.0,nan,False,0.0
673,818891,77.76966094970703,1.4755586385726929,0.0,nan,False,0.0
674,819561,115.05547332763672,1.5259214639663696,0.0,nan,False,0.0
675,820423,51.1612663269043,1.4656193256378174,0.0,nan,False,0.0
676,821110,89.15087890625,1.4830422401428223,0.0,nan,False,0.0
677,821791,73.07398986816406,1.4783706665039062,0.0,nan,False,0.0
678,822429,157.61424255371094,1.4697585105895996,0.0,nan,False,0.0
679,823250,67.51249694824219,1.486551284790039,0.0,nan,False,0.0
680,823966,125.63607025146484,1.542616844177246,0.0,nan,False,0.0
681,824852,131.9295196533203,1.4451383352279663,0.0,nan,False,0.0
682,825583,144.85887145996094,1.4542425870895386,0.0,nan,False,0.0
683,826244,210.56350708007812,1.7027742862701416,0.0,nan,False,0.0
684,827519,90.05738067626953,1.4940745830535889,0.0,nan,False,0.0
685,828386,159.61109924316406,1.4631410837173462,0.0,nan,False,0.0
686,829037,160.97149658203125,1.493983268737793,0.0,nan,False,0.0
687,829817,86.1474609375,1.4932465553283691,0.0,nan,False,0.0
688,830492,63.968997955322266,1.5121599435806274,0.0,nan,False,0.0
689,831215,136.02572631835938,1.486236810684204,0.0,nan,False,0.0
690,831951,120.2973861694336,1.4846668243408203,0.0,nan,False,0.0
691,832737,91.03166198730469,1.4657691717147827,0.0,nan,False,0.0
692,833376,121.06329345703125,1.5683729648590088,0.0,nan,False,0.0
693,834282,84.64246368408203,1.4724198579788208,0.0,nan,False,0.0
694,834962,70.01324462890625,1.4552116394042969,0.0,nan,False,0.0
695,835646,103.72480773925781,1.4406388998031616,0.0,nan,False,0.0
696,836300,123.80010223388672,1.4457343816757202,0.0,nan,False,0.0
697,836977,42.9216423034668,1.5037474632263184,0.0,nan,False,0.0
698,837741,76.03944396972656,1.456452488899231,0.0,nan,False,0.0
699,838393,110.57933044433594,1.4960927963256836,0.0,nan,False,0.0
700,839108,104.9049301147461,1.452470064163208,0.0,nan,False,0.0
701,839817,81.9337387084961,1.4855351448059082,0.0,nan,False,0.0
702,840558,96.79895782470703,1.5267208814620972,0.0,nan,False,0.0
703,841317,127.80889129638672,1.4806129932403564,0.0,nan,False,0.0
704,842060,64.98631286621094,1.4789788722991943,0.0,nan,False,0.0
705,842696,115.42726135253906,1.4490588903427124,0.0,nan,False,0.0
706,843395,148.370361328125,1.5724258422851562,0.0,nan,False,0.0
707,844365,210.5575408935547,1.4690241813659668,0.0,nan,False,0.0
708,845018,106.51223754882812,1.4627413749694824,0.0,nan,False,0.0
709,845660,132.4674530029297,1.5353208780288696,0.0,nan,False,0.0
710,846483,74.28944396972656,1.495500922203064,0.0,nan,False,0.0
711,847161,107.82001495361328,1.4752826690673828,0.0,nan,False,0.0
712,847796,116.69493103027344,1.4938023090362549,0.0,nan,False,0.0
713,848586,75.66342163085938,1.4701049327850342,0.0,nan,False,0.0
714,849233,90.04264068603516,1.4852900505065918,0.0,nan,False,0.0
715,849915,146.3576202392578,1.4800736904144287,0.0,nan,False,0.0
716,850642,70.02876281738281,1.57000732421875,0.0,nan,False,0.0
717,851470,113.64935302734375,1.504753828048706,0.0,nan,False,0.0
718,852227,161.2545623779297,1.5900284051895142,0.0,nan,False,0.0
719,853057,166.8705291748047,1.5223677158355713,0.0,nan,False,0.0
720,853943,59.53826904296875,1.5296896696090698,0.0,nan,False,0.0
721,854777,96.0082015991211,1.511034607887268,0.0,nan,False,0.0
722,855633,92.50636291503906,1.4916688203811646,0.0,nan,False,0.0
723,856326,83.753662109375,1.4913432598114014,0.0,nan,False,0.0
724,857000,140.7657928466797,1.5597827434539795,0.0,nan,False,0.0
725,857946,157.54339599609375,1.5266046524047852,0.0,nan,False,0.0
726,858751,79.25130462646484,1.4977506399154663,0.0,nan,False,0.0
727,859427,88.72847747802734,1.4884549379348755,0.0,nan,False,0.0
728,860091,167.34080505371094,1.5031533241271973,0.0,nan,False,0.0
729,860738,47.507083892822266,1.519885540008545,0.0,nan,False,0.0
730,861445,103.71385955810547,1.4780592918395996,0.0,nan,False,0.0
731,862141,63.35526657104492,1.4848499298095703,0.0,nan,False,0.0
732,862833,139.7381591796875,1.4890180826187134,0.0,nan,False,0.0
733,863560,128.48951721191406,1.6578375101089478,0.0,nan,False,0.0
734,864659,105.5794677734375,1.5063811540603638,0.0,nan,False,0.0
735,865331,99.37238311767578,1.4906452894210815,0.0,nan,False,0.0
736,866068,154.4857177734375,1.4637688398361206,0.0,nan,False,0.0
737,866727,159.76853942871094,1.5262248516082764,0.0,nan,False,0.0
738,867390,158.41964721679688,1.5104728937149048,0.0,nan,False,0.0
739,868094,135.68600463867188,1.4943199157714844,0.0,nan,False,0.0
740,868819,162.90512084960938,1.4968934059143066,0.0,nan,False,0.0
741,869510,123.71482849121094,1.5224288702011108,0.0,nan,False,0.0
742,870307,92.923095703125,1.5230776071548462,0.0,nan,False,0.0
743,870985,133.350830078125,1.6030067205429077,0.0,nan,False,0.0
744,871937,181.7159423828125,1.5787469148635864,0.0,nan,False,0.0
745,873059,128.31443786621094,1.512916088104248,0.0,nan,False,0.0
746,873764,225.03126525878906,1.7037675380706787,0.0,nan,False,0.0
747,874894,80.1720962524414,1.5125329494476318,0.0,nan,False,0.0
748,875560,74.6265869140625,1.502074956893921,0.0,nan,False,0.0
749,876176,145.88980102539062,1.4926460981369019,0.0,nan,False,0.0
750,876944,135.4279327392578,1.572808027267456,0.0,nan,False,0.0
751,877835,71.3429946899414,1.504613995552063,0.0,nan,False,0.0
752,878514,66.12010192871094,1.5079022645950317,0.0,nan,False,0.0
753,879158,234.28700256347656,1.5502763986587524,0.0,nan,False,0.0
754,880100,111.57845306396484,1.5062334537506104,0.0,nan,False,0.0
755,880775,126.99588775634766,1.589495301246643,0.0,nan,False,0.0
756,881646,104.54259490966797,1.5251785516738892,0.0,nan,False,0.0
757,882347,135.22711181640625,1.5471320152282715,0.0,nan,False,0.0
758,883067,80.86306762695312,1.5303013324737549,0.0,nan,False,0.0
759,883820,150.33328247070312,1.5096646547317505,0.0,nan,False,0.0
760,884472,84.54624938964844,1.517555832862854,0.0,nan,False,0.0
761,885129,195.15643310546875,1.5024007558822632,0.0,nan,False,0.0
762,885860,125.0692138671875,1.548915982246399,0.0,nan,False,0.0
763,886662,188.4928436279297,1.5335817337036133,0.0,nan,False,0.0
764,887422,101.63936614990234,1.6096242666244507,0.0,nan,False,0.0
765,888445,162.4202117919922,1.5712429285049438,0.0,nan,False,0.0
766,889308,82.7085189819336,1.4925705194473267,0.0,nan,False,0.0
767,890016,46.72294616699219,1.4960308074951172,0.0,nan,False,0.0
768,890641,80.23291778564453,1.5108716487884521,0.0,nan,False,0.0
769,891326,55.62789535522461,1.4871114492416382,0.0,nan,False,0.0
770,891997,87.42369842529297,1.4965994358062744,0.0,nan,False,0.0
771,892733,107.06993103027344,1.5652903318405151,0.0,nan,False,0.0
772,893519,56.65250015258789,1.5222536325454712,0.0,nan,False,0.0
773,894167,74.99725341796875,1.5105124711990356,0.0,nan,False,0.0
774,894908,84.48472595214844,1.482122778892517,0.0,nan,False,0.0
775,895553,135.9823455810547,1.4935328960418701,0.0,nan,False,0.0
776,896231,65.46233367919922,1.5122836828231812,0.0,nan,False,0.0
777,897016,50.144039154052734,1.5116441249847412,0.0,nan,False,0.0
778,897679,43.26105499267578,1.5245916843414307,0.0,nan,False,0.0
779,898389,61.04597091674805,1.4962736368179321,0.0,nan,False,0.0
780,899101,128.02630615234375,1.5609725713729858,0.0,nan,False,0.0
781,899944,72.1969223022461,1.5213749408721924,0.0,nan,False,0.0
782,900597,102.30882263183594,1.485352873802185,0.0,nan,False,0.0
783,901277,114.06385040283203,1.533698558807373,0.0,nan,False,0.0
784,901990,82.2614517211914,1.500867486000061,0.0,nan,False,0.0
785,902592,107.77513122558594,1.5288653373718262,0.0,nan,False,0.0
786,903395,66.71492767333984,1.5850235223770142,0.0,nan,False,0.0
787,904159,90.09823608398438,1.4904502630233765,0.0,nan,False,0.0
788,904788,95.61176300048828,1.5202921628952026,0.0,nan,False,0.0
789,905505,84.02115631103516,1.5174777507781982,0.0,nan,False,0.0
790,906218,71.69527435302734,1.5102548599243164,0.0,nan,False,0.0
791,906859,56.415977478027344,1.4805651903152466,0.0,nan,False,0.0
792,907502,101.66771697998047,1.522397756576538,0.0,nan,False,0.0
793,908141,265.9995422363281,1.5465190410614014,0.0,nan,False,0.0
794,909088,76.17398834228516,1.5301071405410767,0.0,nan,False,0.0
795,909852,86.00486755371094,1.5569791793823242,0.0,nan,False,0.0
796,910597,111.9217758178711,1.5364220142364502,0.0,nan,False,0.0
797,911361,228.7706756591797,1.5409796237945557,0.0,nan,False,0.0
798,912165,148.127197265625,1.6371890306472778,0.0,nan,False,0.0
799,913115,108.31104278564453,1.544729471206665,0.0,nan,False,0.0
800,913910,157.31307983398438,1.52828848361969,0.0,nan,False,0.0
801,914565,130.7776336669922,1.538606882095337,0.0,nan,False,0.0
802,915276,101.22860717773438,1.5143733024597168,0.0,nan,False,0.0
803,916064,93.9600830078125,1.516834020614624,0.0,nan,False,0.0
804,916721,151.4701690673828,1.5161988735198975,0.0,nan,False,0.0
805,917438,83.93579864501953,1.5590132474899292,0.0,nan,False,0.0
806,918174,107.30012512207031,1.5364710092544556,0.0,nan,False,0.0
807,918847,68.79524993896484,1.522036075592041,0.0,nan,False,0.0
808,919464,134.23623657226562,1.5347084999084473,0.0,nan,False,0.0
809,920127,69.88471984863281,1.525256633758545,0.0,nan,False,0.0
810,920794,74.51805114746094,1.534401297569275,0.0,nan,False,0.0
811,921450,91.97695922851562,1.5464645624160767,0.0,nan,False,0.0
812,922182,79.76074981689453,1.5544620752334595,0.0,nan,False,0.0
813,922877,98.33364868164062,1.5465692281723022,0.0,nan,False,0.0
814,923605,142.00669860839844,1.5257904529571533,0.0,nan,False,0.0
815,924315,147.67532348632812,1.5477148294448853,0.0,nan,False,0.0
816,925018,118.59138488769531,1.5620113611221313,0.0,nan,False,0.0
817,925773,109.15084838867188,1.5266464948654175,0.0,nan,False,0.0
818,926432,48.4270133972168,1.566798210144043,0.0,nan,False,0.0
819,927124,79.36827850341797,1.6490635871887207,0.0,nan,False,0.0
820,928006,131.49464416503906,1.5437254905700684,0.0,nan,False,0.0
821,928705,104.28623962402344,1.5636881589889526,0.0,nan,False,0.0
822,929474,69.22650909423828,1.5386438369750977,0.0,nan,False,0.0
823,930253,86.31117248535156,1.5433320999145508,0.0,nan,False,0.0
824,930889,104.8135757446289,1.5873658657073975,0.0,nan,False,0.0
825,931731,143.4017333984375,1.5447415113449097,0.0,nan,False,0.0
826,932413,122.07640075683594,1.5870693922042847,0.0,nan,False,0.0
827,933098,116.62083435058594,1.6020561456680298,0.0,nan,False,0.0
828,933933,173.4849395751953,1.5300188064575195,0.0,nan,False,0.0
829,934635,77.65377044677734,1.530044674873352,0.0,nan,False,0.0
830,935297,93.29832458496094,1.57793128490448,0.0,nan,False,0.0
831,936020,136.66659545898438,1.5688837766647339,0.0,nan,False,0.0
832,936866,69.88338470458984,1.543153166770935,0.0,nan,False,0.0
833,937602,110.75277709960938,1.5528861284255981,0.0,nan,False,0.0
834,938292,99.98694610595703,1.6103849411010742,0.0,nan,False,0.0
835,939034,154.23451232910156,1.609955072402954,0.0,nan,False,0.0
836,939798,105.99649047851562,1.501367449760437,0.0,nan,False,0.0
837,940464,133.2822723388672,1.5583652257919312,0.0,nan,False,0.0
838,941154,214.99720764160156,1.586822509765625,0.0,nan,False,0.0
839,942126,195.41204833984375,1.6977201700210571,0.0,nan,False,0.0
840,943272,100.93863677978516,1.5852558612823486,0.0,nan,False,0.0
841,944022,77.482666015625,1.544150471687317,0.0,nan,False,0.0
842,944706,57.08735656738281,1.5496068000793457,0.0,nan,False,0.0
843,945343,222.8440704345703,1.5188966989517212,0.0,nan,False,0.0
844,946120,87.92955780029297,1.5739343166351318,0.0,nan,False,0.0
845,946837,38.194252014160156,1.535176396369934,0.0,nan,False,0.0
846,947527,96.88782501220703,1.57753324508667,0.0,nan,False,0.0
847,948256,55.549163818359375,1.5616182088851929,0.0,nan,False,0.0
848,948880,150.4838104248047,1.5419236421585083,0.0,nan,False,0.0
849,949559,155.67037963867188,1.5871431827545166,0.0,nan,False,0.0
850,950290,104.0743408203125,1.5420043468475342,0.0,nan,False,0.0
851,950933,127.99219512939453,1.5774328708648682,0.0,nan,False,0.0
852,951647,67.36608123779297,1.5330551862716675,0.0,nan,False,0.0
853,952338,83.86422729492188,1.6259384155273438,0.0,nan,False,0.0
854,953095,149.51577758789062,1.5681685209274292,0.0,nan,False,0.0
855,953791,100.22457122802734,1.5682469606399536,0.0,nan,False,0.0
856,954416,138.28424072265625,1.5776116847991943,0.0,nan,False,0.0
857,955171,57.42451095581055,1.5732048749923706,0.0,nan,False,0.0
858,955827,96.01447296142578,1.6065948009490967,0.0,nan,False,0.0
859,956813,74.28826141357422,1.5720534324645996,0.0,nan,False,0.0
860,957508,37.313236236572266,1.5678893327713013,0.0,nan,False,0.0
861,958130,61.04268264770508,1.5670708417892456,0.0,nan,False,0.0
862,958813,70.8317642211914,1.5556564331054688,0.0,nan,False,0.0
863,959504,34.31340408325195,1.570539951324463,0.0,nan,False,0.0
864,960164,98.55272674560547,1.5676708221435547,0.0,nan,False,0.0
865,960822,50.21665573120117,1.5519993305206299,0.0,nan,False,0.0
866,961470,79.7785415649414,1.5649999380111694,0.0,nan,False,0.0
867,962170,88.30768585205078,1.592146396636963,0.0,nan,False,0.0
868,962968,119.1775894165039,1.5658379793167114,0.0,nan,False,0.0
869,963595,118.46918487548828,1.5603917837142944,0.0,nan,False,0.0
870,964277,131.9943389892578,1.5753180980682373,0.0,nan,False,0.0
871,964999,111.74462890625,1.5618338584899902,0.0,nan,False,0.0
872,965636,67.6429672241211,1.5699868202209473,0.0,nan,False,0.0
873,966278,43.979034423828125,1.542741298675537,0.0,nan,False,0.0
874,966928,106.27564239501953,1.6069073677062988,0.0,nan,False,0.0
875,967697,78.73451232910156,1.6118346452713013,0.0,nan,False,0.0
876,968442,80.58861541748047,1.577581524848938,0.0,nan,False,0.0
877,969114,123.33926391601562,1.5753672122955322,0.0,nan,False,0.0
878,969788,112.4135971069336,1.5509700775146484,0.0,nan,False,0.0
879,970420,69.4732437133789,1.6136597394943237,0.0,nan,False,0.0
880,971226,112.15451049804688,1.5620323419570923,0.0,nan,False,0.0
881,971870,105.70427703857422,1.5867408514022827,0.0,nan,False,0.0
882,972657,59.890869140625,1.5840630531311035,0.0,nan,False,0.0
883,973318,111.21161651611328,1.5417780876159668,0.0,nan,False,0.0
884,973923,65.6064453125,1.5655351877212524,0.0,nan,False,0.0
885,974531,82.18411254882812,1.5457216501235962,0.0,nan,False,0.0
886,975166,43.612308502197266,1.5512720346450806,0.0,nan,False,0.0
887,975835,89.33019256591797,1.5657283067703247,0.0,nan,False,0.0
888,976469,90.8323745727539,1.5743259191513062,0.0,nan,False,0.0
889,977159,67.59973907470703,1.5651475191116333,0.0,nan,False,0.0
890,977819,106.41986846923828,1.5985538959503174,0.0,nan,False,0.0
891,978518,139.34205627441406,1.5272701978683472,0.0,nan,False,0.0
892,979128,88.42640686035156,1.5881356000900269,0.0,nan,False,0.0
893,979836,113.28248596191406,1.5777091979980469,0.0,nan,False,0.0
894,980537,109.25997924804688,1.627817153930664,0.0,nan,False,0.0
895,981295,76.33264923095703,1.5708131790161133,0.0,nan,False,0.0
896,981904,150.7728271484375,1.6053136587142944,0.0,nan,False,0.0
897,982717,98.92212677001953,1.581500768661499,0.0,nan,False,0.0
898,983508,117.55652618408203,1.5996544361114502,0.0,nan,False,0.0
899,984160,75.71693420410156,1.5921871662139893,0.0,nan,False,0.0
900,984886,105.12906646728516,1.576837420463562,0.0,nan,False,0.0
901,985584,104.80831146240234,1.5475318431854248,0.0,nan,False,0.0
902,986216,53.63679504394531,1.544255018234253,0.0,nan,False,0.0
903,986858,94.41954803466797,1.6165974140167236,0.0,nan,False,0.0
904,987558,64.88395690917969,1.5894362926483154,0.0,nan,False,0.0
905,988224,116.54662322998047,1.5666254758834839,0.0,nan,False,0.0
906,988865,102.5178451538086,1.631975769996643,0.0,nan,False,0.0
907,989676,79.84271240234375,1.5559104681015015,0.0,nan,False,0.0
908,990366,110.51219177246094,1.5628734827041626,0.0,nan,False,0.0
909,991026,121.04193878173828,1.5573961734771729,0.0,nan,False,0.0
910,991706,126.1132583618164,1.5727019309997559,0.0,nan,False,0.0
911,992351,92.34000396728516,1.6069906949996948,0.0,nan,False,0.0
912,993147,85.28661346435547,1.5770970582962036,0.0,nan,False,0.0
913,993794,78.69453430175781,1.5633223056793213,0.0,nan,False,0.0
914,994500,60.95042037963867,1.578227162361145,0.0,nan,False,0.0
915,995243,62.16118240356445,1.5940661430358887,0.0,nan,False,0.0
916,995924,118.74749755859375,1.5770753622055054,0.0,nan,False,0.0
917,996590,117.39555358886719,1.556058645248413,0.0,nan,False,0.0
918,997245,48.403717041015625,1.5669093132019043,0.0,nan,False,0.0
919,997880,156.1257781982422,1.5914838314056396,0.0,nan,False,0.0
920,998555,66.31452941894531,1.5970468521118164,0.0,nan,False,0.0
921,999233,52.72612762451172,1.5780844688415527,0.0,nan,False,0.0
922,999938,109.53941345214844,1.6367385387420654,0.0,nan,False,0.0
923,1000816,109.51350402832031,1.5933194160461426,0.0,nan,False,0.0
924,1001645,136.27867126464844,1.6531798839569092,0.0,nan,False,0.0
925,1002443,67.68070220947266,1.5741314888000488,0.0,nan,False,0.0
926,1003085,109.0986099243164,1.6036913394927979,0.0,nan,False,0.0
927,1003771,48.14390182495117,1.58634614944458,0.0,nan,False,0.0
928,1004420,69.73213958740234,1.5902174711227417,0.0,nan,False,0.0
929,1005124,57.15586853027344,1.6024088859558105,0.0,nan,False,0.0
930,1005822,124.03694915771484,1.618448257446289,0.0,nan,False,0.0
931,1006593,158.25784301757812,1.5995237827301025,0.0,nan,False,0.0
932,1007304,126.65969848632812,1.6544932126998901,0.0,nan,False,0.0
933,1008141,86.6051025390625,1.623564600944519,0.0,nan,False,0.0
934,1008799,69.12854766845703,1.580983281135559,0.0,nan,False,0.0
935,1009492,114.23262786865234,1.5813556909561157,0.0,nan,False,0.0
936,1010157,76.65929412841797,1.5906314849853516,0.0,nan,False,0.0
937,1010841,65.8452377319336,1.6305924654006958,0.0,nan,False,0.0
938,1011562,169.050048828125,1.6087710857391357,0.0,nan,False,0.0
939,1012530,153.45977783203125,1.57498300075531,0.0,nan,False,0.0
940,1013243,44.95316696166992,1.598339557647705,0.0,nan,False,0.0
941,1013886,71.35292053222656,1.595446228981018,0.0,nan,False,0.0
942,1014547,61.88197326660156,1.6294442415237427,0.0,nan,False,0.0
943,1015290,140.86448669433594,1.6083215475082397,0.0,nan,False,0.0
944,1016109,180.31764221191406,1.5734446048736572,0.0,nan,False,0.0
945,1016797,166.86080932617188,1.5952889919281006,0.0,nan,False,0.0
946,1017471,94.48734283447266,1.5929412841796875,0.0,nan,False,0.0
947,1018106,118.1631851196289,1.6272541284561157,0.0,nan,False,0.0
948,1018864,117.60203552246094,1.6157318353652954,0.0,nan,False,0.0
949,1019580,112.42182159423828,1.611582636833191,0.0,nan,False,0.0
950,1020254,85.7883529663086,1.5954397916793823,0.0,nan,False,0.0
951,1020974,52.23200607299805,1.6049084663391113,0.0,nan,False,0.0
952,1021679,70.71187591552734,1.5755629539489746,0.0,nan,False,0.0
953,1022341,127.71334075927734,1.5714741945266724,0.0,nan,False,0.0
954,1023031,126.42984008789062,1.6185648441314697,0.0,nan,False,0.0
955,1023746,79.4828109741211,1.592755675315857,0.0,nan,False,0.0
956,1024390,54.76442337036133,1.6243120431900024,0.0,nan,False,0.0
957,1025006,35.00050735473633,1.609313726425171,0.0,nan,False,0.0
958,1025687,104.05494689941406,1.6132041215896606,0.0,nan,False,0.0
959,1026396,85.92841339111328,1.6104787588119507,0.0,nan,False,0.0
960,1027086,211.26644897460938,1.6425637006759644,0.0,nan,False,0.0
961,1027971,91.6807861328125,1.6146785020828247,0.0,nan,False,0.0
962,1028700,62.44601058959961,1.5981197357177734,0.0,nan,False,0.0
963,1029324,102.17204284667969,1.6029236316680908,0.0,nan,False,0.0
964,1029988,181.11721801757812,1.5791724920272827,0.0,nan,False,0.0
965,1030608,100.95332336425781,1.592737078666687,0.0,nan,False,0.0
966,1031246,66.75856018066406,1.5944499969482422,0.0,nan,False,0.0
967,1031902,61.84359359741211,1.6365129947662354,0.0,nan,False,0.0
968,1032632,103.37822723388672,1.596591830253601,0.0,nan,False,0.0
969,1033272,123.80194091796875,1.5600770711898804,0.0,nan,False,0.0
970,1034004,103.81986999511719,1.6137585639953613,0.0,nan,False,0.0
971,1034759,142.09498596191406,1.5918630361557007,0.0,nan,False,0.0
972,1035519,82.81277465820312,1.5985586643218994,0.0,nan,False,0.0
973,1036187,87.19762420654297,1.6036183834075928,0.0,nan,False,0.0
974,1036821,134.1944580078125,1.6113674640655518,0.0,nan,False,0.0
975,1037532,69.29132843017578,1.608279824256897,0.0,nan,False,0.0
976,1038255,103.94481658935547,1.59544837474823,0.0,nan,False,0.0
977,1038923,41.237953186035156,1.6029905080795288,0.0,nan,False,0.0
978,1039576,114.76232147216797,1.625757098197937,0.0,nan,False,0.0
979,1040298,81.44904327392578,1.669730305671692,0.0,nan,False,0.0
980,1041082,83.3277359008789,1.5836279392242432,0.0,nan,False,0.0
981,1041747,59.38722229003906,1.6018799543380737,0.0,nan,False,0.0
982,1042345,54.7629508972168,1.6047803163528442,0.0,nan,False,0.0
983,1043018,111.89926147460938,1.6837159395217896,0.0,nan,False,0.0
984,1043812,56.50749588012695,1.6055999994277954,0.0,nan,False,0.0
985,1044455,65.71711730957031,1.6208150386810303,0.0,nan,False,0.0
986,1045186,157.15469360351562,1.7565051317214966,0.0,nan,False,0.0
987,1046150,112.35902404785156,1.6199218034744263,0.0,nan,False,0.0
988,1046834,162.92539978027344,1.5950571298599243,0.0,nan,False,0.0
989,1047635,149.4317169189453,1.6604371070861816,0.0,nan,False,0.0
990,1048480,118.69622039794922,1.6258678436279297,0.0,nan,False,0.0
991,1049129,49.507171630859375,1.6502894163131714,0.0,nan,False,0.0
992,1049768,98.05095672607422,1.6020549535751343,0.0,nan,False,0.0
993,1050406,84.77106475830078,1.596820592880249,0.0,nan,False,0.0
994,1051135,91.55559539794922,1.6252484321594238,0.0,nan,False,0.0
995,1051874,197.44158935546875,1.6221853494644165,0.0,nan,False,0.0
996,1052656,216.70977783203125,1.576005458831787,0.0,nan,False,0.0
997,1053450,89.07232666015625,1.5893977880477905,0.0,nan,False,0.0
998,1054110,136.5414276123047,1.6253795623779297,0.0,nan,False,0.0
999,1054876,51.57063674926758,1.618889331817627,0.0,nan,False,0.0
