update,environment_steps,batch_training_episodes,cumulative_training_episodes,training_return,training_episode_length,beta,barrier_active
1,4000,8,8,-500.0,500.0,546.4135158976487,True
2,8000,8,16,-500.0,500.0,546.4135158976487,True
3,12000,8,24,-500.0,500.0,546.4135158976487,True
4,16000,8,32,-500.0,500.0,546.4135158976487,True
5,20000,8,40,-500.0,500.0,546.4135158976487,True
6,24000,8,48,-500.0,500.0,546.4135158976487,True
7,28000,8,56,-500.0,500.0,546.4135158976487,True
8,32000,8,64,-500.0,500.0,546.4135158976487,True
9,36000,8,72,-500.0,500.0,546.4135158976487,True
10,39938,8,80,-492.125,492.25,546.4135158976487,True
11,43938,8,88,-500.0,500.0,546.4135158976487,True
12,47938,8,96,-500.0,500.0,546.4135158976487,True
13,51938,8,104,-500.0,500.0,546.4135158976487,True
14,55938,8,112,-500.0,500.0,546.4135158976487,True
15,59712,8,120,-471.625,471.75,546.4135158976487,True
16,63712,8,128,-500.0,500.0,546.4135158976487,True
17,67712,8,136,-500.0,500.0,546.4135158976487,True
18,71712,8,144,-500.0,500.0,546.4135158976487,True
19,75712,8,152,-500.0,500.0,546.4135158976487,True
20,79712,8,160,-500.0,500.0,546.4135158976487,True
21,83712,8,168,-500.0,500.0,546.4135158976487,True
22,87653,8,176,-492.5,492.625,546.4135158976487,True
23,91584,8,184,-491.25,491.375,546.4135158976487,True
24,95584,8,192,-500.0,500.0,546.4135158976487,True
25,99584,8,200,-500.0,500.0,546.4135158976487,True
26,103584,8,208,-500.0,500.0,546.4135158976487,True
27,107584,8,216,-500.0,500.0,546.4135158976487,True
28,111584,8,224,-500.0,500.0,546.4135158976487,True
29,115579,8,232,-499.25,499.375,546.4135158976487,True
30,119532,8,240,-494.0,494.125,546.4135158976487,True
31,123532,8,248,-500.0,500.0,546.4135158976487,True
32,127532,8,256,-500.0,500.0,546.4135158976487,True
33,131413,8,264,-485.0,485.125,546.4135158976487,True
34,135385,8,272,-496.375,496.5,546.4135158976487,True
35,139385,8,280,-500.0,500.0,546.4135158976487,True
36,143257,8,288,-483.875,484.0,546.4135158976487,True
37,147257,8,296,-500.0,500.0,546.4135158976487,True
38,151257,8,304,-500.0,500.0,546.4135158976487,True
39,155257,8,312,-500.0,500.0,546.4135158976487,True
40,159257,8,320,-500.0,500.0,546.4135158976487,True
41,163257,8,328,-500.0,500.0,546.4135158976487,True
42,167257,8,336,-500.0,500.0,546.4135158976487,True
43,171170,8,344,-489.0,489.125,546.4135158976487,True
44,175170,8,352,-500.0,500.0,546.4135158976487,True
45,179170,8,360,-500.0,500.0,546.4135158976487,True
46,183170,8,368,-500.0,500.0,546.4135158976487,True
47,187170,8,376,-500.0,500.0,546.4135158976487,True
48,191170,8,384,-500.0,500.0,546.4135158976487,True
49,195170,8,392,-500.0,500.0,546.4135158976487,True
50,199170,8,400,-500.0,500.0,546.4135158976487,True
51,203161,8,408,-498.75,498.875,546.4135158976487,True
52,207161,8,416,-500.0,500.0,546.4135158976487,True
53,211161,8,424,-500.0,500.0,546.4135158976487,True
54,215161,8,432,-500.0,500.0,546.4135158976487,True
55,219161,8,440,-500.0,500.0,546.4135158976487,True
56,222985,8,448,-477.875,478.0,546.4135158976487,True
57,226985,8,456,-500.0,500.0,546.4135158976487,True
58,230962,8,464,-497.0,497.125,546.4135158976487,True
59,234962,8,472,-500.0,500.0,546.4135158976487,True
60,238806,8,480,-480.375,480.5,546.4135158976487,True
61,242806,8,488,-500.0,500.0,546.4135158976487,True
62,246806,8,496,-500.0,500.0,546.4135158976487,True
63,250806,8,504,-500.0,500.0,546.4135158976487,True
64,254806,8,512,-500.0,500.0,546.4135158976487,True
65,258806,8,520,-500.0,500.0,546.4135158976487,True
66,262806,8,528,-500.0,500.0,546.4135158976487,True
67,266806,8,536,-500.0,500.0,546.4135158976487,True
68,270806,8,544,-500.0,500.0,546.4135158976487,True
69,274629,8,552,-477.75,477.875,546.4135158976487,True
70,278585,8,560,-494.375,494.5,546.4135158976487,True
71,282585,8,568,-500.0,500.0,546.4135158976487,True
72,286585,8,576,-500.0,500.0,546.4135158976487,True
73,290585,8,584,-500.0,500.0,546.4135158976487,True
74,294529,8,592,-492.875,493.0,546.4135158976487,True
75,298529,8,600,-500.0,500.0,546.4135158976487,True
76,302529,8,608,-500.0,500.0,546.4135158976487,True
77,306281,8,616,-468.75,469.0,546.4135158976487,True
78,310281,8,624,-500.0,500.0,546.4135158976487,True
79,314118,8,632,-479.375,479.625,546.4135158976487,True
80,318097,8,640,-497.25,497.375,546.4135158976487,True
81,321966,8,648,-483.5,483.625,546.4135158976487,True
82,325966,8,656,-500.0,500.0,546.4135158976487,True
83,329774,8,664,-475.75,476.0,546.4135158976487,True
84,333774,8,672,-500.0,500.0,546.4135158976487,True
85,337651,8,680,-484.375,484.625,546.4135158976487,True
86,341651,8,688,-500.0,500.0,546.4135158976487,True
87,345396,8,696,-467.875,468.125,546.4135158976487,True
88,348876,8,704,-434.5,435.0,546.4135158976487,True
89,352876,8,712,-500.0,500.0,546.4135158976487,True
90,356732,8,720,-481.5,482.0,546.4135158976487,True
91,360668,8,728,-491.875,492.0,546.4135158976487,True
92,364586,8,736,-489.375,489.75,546.4135158976487,True
93,368165,8,744,-447.0,447.375,546.4135158976487,True
94,371616,8,752,-430.875,431.375,546.4135158976487,True
95,375184,8,760,-445.625,446.0,546.4135158976487,True
96,378806,8,768,-452.125,452.75,546.4135158976487,True
97,382600,8,776,-473.875,474.25,546.4135158976487,True
98,386317,8,784,-464.25,464.625,546.4135158976487,True
99,389112,8,792,-348.375,349.375,546.4135158976487,True
100,392335,8,800,-402.25,402.875,546.4135158976487,True
101,395282,8,808,-367.5,368.375,546.4135158976487,True
102,398780,8,816,-436.625,437.25,546.4135158976487,True
103,401784,8,824,-374.75,375.5,546.4135158976487,True
104,404066,8,832,-284.25,285.25,546.4135158976487,True
105,406977,8,840,-362.875,363.875,546.4135158976487,True
106,409843,8,848,-357.25,358.25,546.4135158976487,True
107,412622,8,856,-346.375,347.375,546.4135158976487,True
108,415120,8,864,-311.25,312.25,546.4135158976487,True
109,417597,8,872,-308.625,309.625,546.4135158976487,True
110,420122,8,880,-314.75,315.625,546.4135158976487,True
111,422453,8,888,-290.5,291.375,546.4135158976487,True
112,425024,8,896,-320.5,321.375,546.4135158976487,True
113,427481,8,904,-306.125,307.125,546.4135158976487,True
114,429525,8,912,-254.625,255.5,546.4135158976487,True
115,431851,8,920,-289.75,290.75,546.4135158976487,True
116,434050,8,928,-273.875,274.875,546.4135158976487,True
117,436261,8,936,-275.375,276.375,546.4135158976487,True
118,438217,8,944,-243.5,244.5,546.4135158976487,True
119,440035,8,952,-226.25,227.25,546.4135158976487,True
120,442060,8,960,-252.25,253.125,546.4135158976487,True
121,443946,8,968,-234.75,235.75,546.4135158976487,True
122,446169,8,976,-276.875,277.875,546.4135158976487,True
123,448328,8,984,-268.875,269.875,546.4135158976487,True
124,450746,8,992,-301.375,302.25,546.4135158976487,True
125,452529,8,1000,-221.875,222.875,546.4135158976487,True
126,454601,8,1008,-258.0,259.0,546.4135158976487,True
127,456452,8,1016,-230.375,231.375,546.4135158976487,True
128,458143,8,1024,-210.375,211.375,546.4135158976487,True
129,460536,8,1032,-298.25,299.125,546.4135158976487,True
130,462370,8,1040,-228.25,229.25,546.4135158976487,True
131,464323,8,1048,-243.125,244.125,546.4135158976487,True
132,466126,8,1056,-224.375,225.375,546.4135158976487,True
133,467611,8,1064,-184.625,185.625,546.4135158976487,True
134,469352,8,1072,-216.625,217.625,546.4135158976487,True
135,471053,8,1080,-211.625,212.625,546.4135158976487,True
136,472980,8,1088,-239.875,240.875,546.4135158976487,True
137,474711,8,1096,-215.375,216.375,546.4135158976487,True
138,476462,8,1104,-217.875,218.875,546.4135158976487,True
139,478169,8,1112,-212.375,213.375,546.4135158976487,True
140,479838,8,1120,-207.625,208.625,546.4135158976487,True
141,481465,8,1128,-202.375,203.375,546.4135158976487,True
142,482985,8,1136,-189.0,190.0,546.4135158976487,True
143,484904,8,1144,-238.875,239.875,546.4135158976487,True
144,486897,8,1152,-248.125,249.125,546.4135158976487,True
145,488648,8,1160,-217.875,218.875,546.4135158976487,True
146,490754,8,1168,-262.375,263.25,546.4135158976487,True
147,492333,8,1176,-196.375,197.375,546.4135158976487,True
148,494162,8,1184,-227.625,228.625,546.4135158976487,True
149,495985,8,1192,-226.875,227.875,546.4135158976487,True
150,497764,8,1200,-221.375,222.375,546.4135158976487,True
151,499620,8,1208,-231.125,232.0,546.4135158976487,True
152,501288,8,1216,-207.5,208.5,546.4135158976487,True
153,503021,8,1224,-215.625,216.625,546.4135158976487,True
154,505305,8,1232,-284.625,285.5,546.4135158976487,True
155,507107,8,1240,-224.25,225.25,546.4135158976487,True
156,508869,8,1248,-219.25,220.25,546.4135158976487,True
157,510771,8,1256,-236.75,237.75,546.4135158976487,True
158,512607,8,1264,-228.5,229.5,546.4135158976487,True
159,514548,8,1272,-241.625,242.625,546.4135158976487,True
160,516509,8,1280,-244.25,245.125,546.4135158976487,True
161,518523,8,1288,-250.75,251.75,546.4135158976487,True
162,520833,8,1296,-287.75,288.75,546.4135158976487,True
163,522490,8,1304,-206.125,207.125,546.4135158976487,True
164,524867,8,1312,-296.375,297.125,546.4135158976487,True
165,526715,8,1320,-230.0,231.0,546.4135158976487,True
166,528427,8,1328,-213.0,214.0,546.4135158976487,True
167,530151,8,1336,-214.5,215.5,546.4135158976487,True
168,531730,8,1344,-196.375,197.375,546.4135158976487,True
169,533577,8,1352,-229.875,230.875,546.4135158976487,True
170,535450,8,1360,-233.125,234.125,546.4135158976487,True
171,537520,8,1368,-257.75,258.75,546.4135158976487,True
172,539114,8,1376,-198.25,199.25,546.4135158976487,True
173,540997,8,1384,-234.375,235.375,546.4135158976487,True
174,542663,8,1392,-207.25,208.25,546.4135158976487,True
175,544614,8,1400,-242.875,243.875,546.4135158976487,True
176,546833,8,1408,-276.375,277.375,546.4135158976487,True
177,548859,8,1416,-252.25,253.25,546.4135158976487,True
178,550451,8,1424,-198.0,199.0,546.4135158976487,True
179,552402,8,1432,-242.875,243.875,546.4135158976487,True
180,554470,8,1440,-257.5,258.5,546.4135158976487,True
181,556125,8,1448,-205.875,206.875,546.4135158976487,True
182,557832,8,1456,-212.375,213.375,546.4135158976487,True
183,559485,8,1464,-205.625,206.625,546.4135158976487,True
184,561599,8,1472,-263.375,264.25,546.4135158976487,True
185,563491,8,1480,-235.625,236.5,546.4135158976487,True
186,565088,8,1488,-198.625,199.625,546.4135158976487,True
187,566791,8,1496,-211.875,212.875,546.4135158976487,True
188,568611,8,1504,-226.5,227.5,546.4135158976487,True
189,570295,8,1512,-209.5,210.5,546.4135158976487,True
190,572062,8,1520,-219.875,220.875,546.4135158976487,True
191,574132,8,1528,-257.75,258.75,546.4135158976487,True
192,575965,8,1536,-228.125,229.125,546.4135158976487,True
193,577755,8,1544,-222.75,223.75,546.4135158976487,True
194,579624,8,1552,-232.625,233.625,546.4135158976487,True
195,581571,8,1560,-242.5,243.375,546.4135158976487,True
196,583314,8,1568,-216.875,217.875,546.4135158976487,True
197,585032,8,1576,-213.75,214.75,546.4135158976487,True
198,586934,8,1584,-236.75,237.75,546.4135158976487,True
199,588792,8,1592,-231.25,232.25,546.4135158976487,True
200,590701,8,1600,-237.625,238.625,546.4135158976487,True
201,592564,8,1608,-231.875,232.875,546.4135158976487,True
202,594398,8,1616,-228.25,229.25,546.4135158976487,True
203,596374,8,1624,-246.0,247.0,546.4135158976487,True
204,598121,8,1632,-217.375,218.375,546.4135158976487,True
205,600183,8,1640,-256.75,257.75,546.4135158976487,True
206,602067,8,1648,-234.5,235.5,546.4135158976487,True
207,604157,8,1656,-260.25,261.25,546.4135158976487,True
208,605973,8,1664,-226.0,227.0,546.4135158976487,True
209,607731,8,1672,-218.75,219.75,546.4135158976487,True
210,609431,8,1680,-211.5,212.5,546.4135158976487,True
211,611249,8,1688,-226.25,227.25,546.4135158976487,True
212,612939,8,1696,-210.25,211.25,546.4135158976487,True
213,614972,8,1704,-253.25,254.125,546.4135158976487,True
214,616831,8,1712,-231.375,232.375,546.4135158976487,True
215,618573,8,1720,-216.75,217.75,546.4135158976487,True
216,620457,8,1728,-234.5,235.5,546.4135158976487,True
217,622504,8,1736,-254.875,255.875,546.4135158976487,True
218,624422,8,1744,-238.75,239.75,546.4135158976487,True
219,626449,8,1752,-252.375,253.375,546.4135158976487,True
220,628264,8,1760,-225.875,226.875,546.4135158976487,True
221,629965,8,1768,-211.625,212.625,546.4135158976487,True
222,631819,8,1776,-230.75,231.75,546.4135158976487,True
223,633872,8,1784,-255.625,256.625,546.4135158976487,True
224,635589,8,1792,-213.625,214.625,546.4135158976487,True
225,637078,8,1800,-185.125,186.125,546.4135158976487,True
226,638938,8,1808,-231.5,232.5,546.4135158976487,True
227,641078,8,1816,-266.5,267.5,546.4135158976487,True
228,643043,8,1824,-244.625,245.625,546.4135158976487,True
229,645049,8,1832,-249.75,250.75,546.4135158976487,True
230,647030,8,1840,-246.625,247.625,546.4135158976487,True
231,648862,8,1848,-228.0,229.0,546.4135158976487,True
232,650995,8,1856,-265.75,266.625,546.4135158976487,True
233,652859,8,1864,-232.0,233.0,546.4135158976487,True
234,654659,8,1872,-224.0,225.0,546.4135158976487,True
235,656548,8,1880,-235.125,236.125,546.4135158976487,True
236,658225,8,1888,-208.625,209.625,546.4135158976487,True
237,660223,8,1896,-248.75,249.75,546.4135158976487,True
238,662367,8,1904,-267.125,268.0,546.4135158976487,True
239,664258,8,1912,-235.375,236.375,546.4135158976487,True
240,666595,8,1920,-291.125,292.125,546.4135158976487,True
241,668286,8,1928,-210.375,211.375,546.4135158976487,True
242,670192,8,1936,-237.25,238.25,546.4135158976487,True
243,672485,8,1944,-285.625,286.625,546.4135158976487,True
244,674659,8,1952,-270.875,271.75,546.4135158976487,True
245,676548,8,1960,-235.125,236.125,546.4135158976487,True
246,678413,8,1968,-232.125,233.125,546.4135158976487,True
247,680273,8,1976,-231.5,232.5,546.4135158976487,True
248,682298,8,1984,-252.125,253.125,546.4135158976487,True
249,684248,8,1992,-242.75,243.75,546.4135158976487,True
250,686296,8,2000,-255.0,256.0,546.4135158976487,True
251,688195,8,2008,-236.375,237.375,0.0,False
252,689813,8,2016,-201.25,202.25,0.0,False
253,691544,8,2024,-215.375,216.375,0.0,False
254,693535,8,2032,-247.875,248.875,0.0,False
255,695200,8,2040,-207.125,208.125,0.0,False
256,696919,8,2048,-213.875,214.875,0.0,False
257,698505,8,2056,-197.25,198.25,0.0,False
258,700014,8,2064,-187.625,188.625,0.0,False
259,701767,8,2072,-218.125,219.125,0.0,False
260,703452,8,2080,-209.625,210.625,0.0,False
261,705145,8,2088,-210.625,211.625,0.0,False
262,706695,8,2096,-192.75,193.75,0.0,False
263,708706,8,2104,-250.5,251.375,0.0,False
264,710244,8,2112,-191.25,192.25,0.0,False
265,711783,8,2120,-191.375,192.375,0.0,False
266,713135,8,2128,-168.0,169.0,0.0,False
267,714784,8,2136,-205.125,206.125,0.0,False
268,716739,8,2144,-243.5,244.375,0.0,False
269,718043,8,2152,-162.0,163.0,0.0,False
270,719489,8,2160,-179.75,180.75,0.0,False
271,720756,8,2168,-157.375,158.375,0.0,False
272,722108,8,2176,-168.0,169.0,0.0,False
273,723800,8,2184,-210.5,211.5,0.0,False
274,725138,8,2192,-166.25,167.25,0.0,False
275,726208,8,2200,-132.75,133.75,0.0,False
276,727454,8,2208,-154.75,155.75,0.0,False
277,728830,8,2216,-171.0,172.0,0.0,False
278,730099,8,2224,-157.625,158.625,0.0,False
279,731355,8,2232,-156.0,157.0,0.0,False
280,732579,8,2240,-152.0,153.0,0.0,False
281,733789,8,2248,-150.25,151.25,0.0,False
282,734868,8,2256,-133.875,134.875,0.0,False
283,736003,8,2264,-140.875,141.875,0.0,False
284,737143,8,2272,-141.5,142.5,0.0,False
285,738473,8,2280,-165.25,166.25,0.0,False
286,739704,8,2288,-152.875,153.875,0.0,False
287,741170,8,2296,-182.25,183.25,0.0,False
288,742293,8,2304,-139.375,140.375,0.0,False
289,743428,8,2312,-140.875,141.875,0.0,False
290,744523,8,2320,-135.875,136.875,0.0,False
291,745571,8,2328,-130.0,131.0,0.0,False
292,746636,8,2336,-132.125,133.125,0.0,False
293,747700,8,2344,-132.0,133.0,0.0,False
294,748729,8,2352,-127.625,128.625,0.0,False
295,749830,8,2360,-136.625,137.625,0.0,False
296,750958,8,2368,-140.0,141.0,0.0,False
297,752312,8,2376,-168.25,169.25,0.0,False
298,753651,8,2384,-166.375,167.375,0.0,False
299,754613,8,2392,-119.25,120.25,0.0,False
300,755624,8,2400,-125.375,126.375,0.0,False
301,756666,8,2408,-129.25,130.25,0.0,False
302,757979,8,2416,-163.125,164.125,0.0,False
303,758890,8,2424,-112.875,113.875,0.0,False
304,759865,8,2432,-120.875,121.875,0.0,False
305,760799,8,2440,-115.75,116.75,0.0,False
306,761986,8,2448,-147.375,148.375,0.0,False
307,762992,8,2456,-124.75,125.75,0.0,False
308,763902,8,2464,-112.75,113.75,0.0,False
309,764786,8,2472,-109.5,110.5,0.0,False
310,765697,8,2480,-112.875,113.875,0.0,False
311,766547,8,2488,-105.25,106.25,0.0,False
312,767527,8,2496,-121.5,122.5,0.0,False
313,768541,8,2504,-125.75,126.75,0.0,False
314,769700,8,2512,-143.875,144.875,0.0,False
315,770604,8,2520,-112.0,113.0,0.0,False
316,771782,8,2528,-146.25,147.25,0.0,False
317,772713,8,2536,-115.375,116.375,0.0,False
318,773594,8,2544,-109.125,110.125,0.0,False
319,774434,8,2552,-104.0,105.0,0.0,False
320,775343,8,2560,-112.625,113.625,0.0,False
321,776308,8,2568,-119.625,120.625,0.0,False
322,777260,8,2576,-118.0,119.0,0.0,False
323,778196,8,2584,-116.0,117.0,0.0,False
324,779096,8,2592,-111.5,112.5,0.0,False
325,780056,8,2600,-119.0,120.0,0.0,False
326,781111,8,2608,-130.875,131.875,0.0,False
327,781958,8,2616,-104.875,105.875,0.0,False
328,782855,8,2624,-111.125,112.125,0.0,False
329,784264,8,2632,-175.25,176.125,0.0,False
330,785130,8,2640,-107.25,108.25,0.0,False
331,786152,8,2648,-126.75,127.75,0.0,False
332,787088,8,2656,-116.0,117.0,0.0,False
333,787980,8,2664,-110.5,111.5,0.0,False
334,788811,8,2672,-102.875,103.875,0.0,False
335,789899,8,2680,-135.0,136.0,0.0,False
336,790835,8,2688,-116.0,117.0,0.0,False
337,791725,8,2696,-110.25,111.25,0.0,False
338,792506,8,2704,-96.625,97.625,0.0,False
339,793337,8,2712,-102.875,103.875,0.0,False
340,794266,8,2720,-115.125,116.125,0.0,False
341,795148,8,2728,-109.25,110.25,0.0,False
342,796048,8,2736,-111.5,112.5,0.0,False
343,797132,8,2744,-134.5,135.5,0.0,False
344,798005,8,2752,-108.125,109.125,0.0,False
345,799099,8,2760,-135.75,136.75,0.0,False
346,799982,8,2768,-109.375,110.375,0.0,False
347,800849,8,2776,-107.375,108.375,0.0,False
348,801709,8,2784,-106.5,107.5,0.0,False
349,802524,8,2792,-100.875,101.875,0.0,False
350,803377,8,2800,-105.625,106.625,0.0,False
351,804276,8,2808,-111.375,112.375,0.0,False
352,805124,8,2816,-105.0,106.0,0.0,False
353,805991,8,2824,-107.375,108.375,0.0,False
354,806822,8,2832,-102.875,103.875,0.0,False
355,807572,8,2840,-92.75,93.75,0.0,False
356,808410,8,2848,-103.75,104.75,0.0,False
357,809185,8,2856,-95.875,96.875,0.0,False
358,810055,8,2864,-107.75,108.75,0.0,False
359,810894,8,2872,-103.875,104.875,0.0,False
360,812156,8,2880,-156.75,157.75,0.0,False
361,813066,8,2888,-112.75,113.75,0.0,False
362,813896,8,2896,-102.75,103.75,0.0,False
363,814665,8,2904,-95.125,96.125,0.0,False
364,815478,8,2912,-100.625,101.625,0.0,False
365,816340,8,2920,-106.75,107.75,0.0,False
366,817108,8,2928,-95.0,96.0,0.0,False
367,817926,8,2936,-101.25,102.25,0.0,False
368,818714,8,2944,-97.5,98.5,0.0,False
369,819517,8,2952,-99.375,100.375,0.0,False
370,820343,8,2960,-102.25,103.25,0.0,False
371,821159,8,2968,-101.0,102.0,0.0,False
372,821999,8,2976,-104.0,105.0,0.0,False
373,822834,8,2984,-103.375,104.375,0.0,False
374,823754,8,2992,-114.0,115.0,0.0,False
375,824647,8,3000,-110.625,111.625,0.0,False
376,825393,8,3008,-92.25,93.25,0.0,False
377,826258,8,3016,-107.125,108.125,0.0,False
378,827024,8,3024,-94.75,95.75,0.0,False
379,827864,8,3032,-104.0,105.0,0.0,False
380,829253,8,3040,-172.75,173.625,0.0,False
381,830057,8,3048,-99.5,100.5,0.0,False
382,830848,8,3056,-97.875,98.875,0.0,False
383,831776,8,3064,-115.0,116.0,0.0,False
384,832595,8,3072,-101.375,102.375,0.0,False
385,833342,8,3080,-92.375,93.375,0.0,False
386,834093,8,3088,-92.875,93.875,0.0,False
387,834879,8,3096,-97.25,98.25,0.0,False
388,835742,8,3104,-106.875,107.875,0.0,False
389,836445,8,3112,-86.875,87.875,0.0,False
390,837606,8,3120,-144.25,145.125,0.0,False
391,838395,8,3128,-97.625,98.625,0.0,False
392,839182,8,3136,-97.375,98.375,0.0,False
393,839951,8,3144,-95.125,96.125,0.0,False
394,840730,8,3152,-96.375,97.375,0.0,False
395,841515,8,3160,-97.125,98.125,0.0,False
396,842445,8,3168,-115.25,116.25,0.0,False
397,843408,8,3176,-119.375,120.375,0.0,False
398,844302,8,3184,-110.75,111.75,0.0,False
399,845483,8,3192,-146.75,147.625,0.0,False
400,846481,8,3200,-123.75,124.75,0.0,False
401,847298,8,3208,-101.125,102.125,0.0,False
402,848341,8,3216,-129.375,130.375,0.0,False
403,849166,8,3224,-102.125,103.125,0.0,False
404,850045,8,3232,-108.875,109.875,0.0,False
405,850840,8,3240,-98.375,99.375,0.0,False
406,851628,8,3248,-97.5,98.5,0.0,False
407,852391,8,3256,-94.375,95.375,0.0,False
408,853114,8,3264,-89.375,90.375,0.0,False
409,853834,8,3272,-89.0,90.0,0.0,False
410,854667,8,3280,-103.125,104.125,0.0,False
411,855450,8,3288,-96.875,97.875,0.0,False
412,856271,8,3296,-101.625,102.625,0.0,False
413,857415,8,3304,-142.0,143.0,0.0,False
414,858165,8,3312,-92.75,93.75,0.0,False
415,858888,8,3320,-89.375,90.375,0.0,False
416,859890,8,3328,-124.25,125.25,0.0,False
417,860640,8,3336,-92.75,93.75,0.0,False
418,861378,8,3344,-91.25,92.25,0.0,False
419,862144,8,3352,-94.75,95.75,0.0,False
420,863388,8,3360,-154.625,155.5,0.0,False
421,864228,8,3368,-104.0,105.0,0.0,False
422,864961,8,3376,-90.625,91.625,0.0,False
423,865806,8,3384,-104.625,105.625,0.0,False
424,866672,8,3392,-107.25,108.25,0.0,False
425,867466,8,3400,-98.25,99.25,0.0,False
426,868312,8,3408,-104.75,105.75,0.0,False
427,869111,8,3416,-98.875,99.875,0.0,False
428,869921,8,3424,-100.25,101.25,0.0,False
429,870759,8,3432,-103.75,104.75,0.0,False
430,871894,8,3440,-141.0,141.875,0.0,False
431,872643,8,3448,-92.625,93.625,0.0,False
432,873434,8,3456,-97.875,98.875,0.0,False
433,874255,8,3464,-101.625,102.625,0.0,False
434,875035,8,3472,-96.5,97.5,0.0,False
435,875852,8,3480,-101.125,102.125,0.0,False
436,876642,8,3488,-97.75,98.75,0.0,False
437,877375,8,3496,-90.625,91.625,0.0,False
438,878140,8,3504,-94.625,95.625,0.0,False
439,878904,8,3512,-94.5,95.5,0.0,False
440,879673,8,3520,-95.125,96.125,0.0,False
441,880411,8,3528,-91.25,92.25,0.0,False
442,881224,8,3536,-100.625,101.625,0.0,False
443,881944,8,3544,-89.0,90.0,0.0,False
444,882752,8,3552,-100.0,101.0,0.0,False
445,883499,8,3560,-92.375,93.375,0.0,False
446,884411,8,3568,-113.0,114.0,0.0,False
447,885270,8,3576,-106.375,107.375,0.0,False
448,886119,8,3584,-105.125,106.125,0.0,False
449,886851,8,3592,-90.5,91.5,0.0,False
450,887606,8,3600,-93.375,94.375,0.0,False
451,888340,8,3608,-90.75,91.75,0.0,False
452,889125,8,3616,-97.125,98.125,0.0,False
453,890007,8,3624,-109.25,110.25,0.0,False
454,890809,8,3632,-99.25,100.25,0.0,False
455,891542,8,3640,-90.625,91.625,0.0,False
456,892248,8,3648,-87.25,88.25,0.0,False
457,893138,8,3656,-110.25,111.25,0.0,False
458,893907,8,3664,-95.125,96.125,0.0,False
459,894608,8,3672,-86.625,87.625,0.0,False
460,895274,8,3680,-82.25,83.25,0.0,False
461,896215,8,3688,-116.625,117.625,0.0,False
462,896929,8,3696,-88.25,89.25,0.0,False
463,897746,8,3704,-101.125,102.125,0.0,False
464,898654,8,3712,-112.5,113.5,0.0,False
465,899414,8,3720,-94.0,95.0,0.0,False
466,900186,8,3728,-95.5,96.5,0.0,False
467,901077,8,3736,-110.375,111.375,0.0,False
468,901817,8,3744,-91.5,92.5,0.0,False
469,902563,8,3752,-92.25,93.25,0.0,False
470,903378,8,3760,-100.875,101.875,0.0,False
471,904201,8,3768,-101.875,102.875,0.0,False
472,904894,8,3776,-85.625,86.625,0.0,False
473,905674,8,3784,-96.5,97.5,0.0,False
474,906406,8,3792,-90.5,91.5,0.0,False
475,907167,8,3800,-94.125,95.125,0.0,False
476,907875,8,3808,-87.5,88.5,0.0,False
477,908625,8,3816,-92.75,93.75,0.0,False
478,909438,8,3824,-100.625,101.625,0.0,False
479,910277,8,3832,-103.875,104.875,0.0,False
480,910959,8,3840,-84.25,85.25,0.0,False
481,911676,8,3848,-88.625,89.625,0.0,False
482,912401,8,3856,-89.625,90.625,0.0,False
483,913067,8,3864,-82.25,83.25,0.0,False
484,913864,8,3872,-98.625,99.625,0.0,False
485,914545,8,3880,-84.125,85.125,0.0,False
486,915243,8,3888,-86.25,87.25,0.0,False
487,915991,8,3896,-92.5,93.5,0.0,False
488,916937,8,3904,-117.25,118.25,0.0,False
489,917906,8,3912,-120.125,121.125,0.0,False
490,919284,8,3920,-171.375,172.25,0.0,False
491,920021,8,3928,-91.125,92.125,0.0,False
492,920736,8,3936,-88.375,89.375,0.0,False
493,921449,8,3944,-88.125,89.125,0.0,False
494,922179,8,3952,-90.25,91.25,0.0,False
495,922887,8,3960,-87.5,88.5,0.0,False
496,923539,8,3968,-80.5,81.5,0.0,False
497,924229,8,3976,-85.25,86.25,0.0,False
498,925081,8,3984,-105.5,106.5,0.0,False
499,926029,8,3992,-117.5,118.5,0.0,False
500,926802,8,4000,-95.625,96.625,0.0,False
501,927613,8,4008,-100.375,101.375,0.0,False
502,928310,8,4016,-86.125,87.125,0.0,False
503,929065,8,4024,-93.375,94.375,0.0,False
504,929867,8,4032,-99.25,100.25,0.0,False
505,930582,8,4040,-88.375,89.375,0.0,False
506,931618,8,4048,-128.5,129.5,0.0,False
507,932305,8,4056,-84.875,85.875,0.0,False
508,932999,8,4064,-85.75,86.75,0.0,False
509,933806,8,4072,-99.875,100.875,0.0,False
510,934646,8,4080,-104.0,105.0,0.0,False
511,935606,8,4088,-119.0,120.0,0.0,False
512,936264,8,4096,-81.25,82.25,0.0,False
513,936965,8,4104,-86.625,87.625,0.0,False
514,937718,8,4112,-93.125,94.125,0.0,False
515,938452,8,4120,-90.75,91.75,0.0,False
516,939121,8,4128,-82.625,83.625,0.0,False
517,939834,8,4136,-88.125,89.125,0.0,False
518,940683,8,4144,-105.125,106.125,0.0,False
519,941447,8,4152,-94.5,95.5,0.0,False
520,942226,8,4160,-96.375,97.375,0.0,False
521,942923,8,4168,-86.125,87.125,0.0,False
522,943750,8,4176,-102.375,103.375,0.0,False
523,944468,8,4184,-88.75,89.75,0.0,False
524,945181,8,4192,-88.125,89.125,0.0,False
525,945894,8,4200,-88.125,89.125,0.0,False
526,946612,8,4208,-88.75,89.75,0.0,False
527,947330,8,4216,-88.75,89.75,0.0,False
528,948106,8,4224,-96.0,97.0,0.0,False
529,948879,8,4232,-95.625,96.625,0.0,False
530,949559,8,4240,-84.0,85.0,0.0,False
531,950205,8,4248,-79.75,80.75,0.0,False
532,950910,8,4256,-87.125,88.125,0.0,False
533,951605,8,4264,-85.875,86.875,0.0,False
534,952291,8,4272,-84.75,85.75,0.0,False
535,952975,8,4280,-84.5,85.5,0.0,False
536,953691,8,4288,-88.5,89.5,0.0,False
537,954362,8,4296,-82.875,83.875,0.0,False
538,955053,8,4304,-85.375,86.375,0.0,False
539,955927,8,4312,-108.25,109.25,0.0,False
540,956742,8,4320,-100.875,101.875,0.0,False
541,957468,8,4328,-89.75,90.75,0.0,False
542,958138,8,4336,-82.75,83.75,0.0,False
543,959009,8,4344,-107.875,108.875,0.0,False
544,959680,8,4352,-82.875,83.875,0.0,False
545,960416,8,4360,-91.0,92.0,0.0,False
546,961106,8,4368,-85.25,86.25,0.0,False
547,961937,8,4376,-102.875,103.875,0.0,False
548,962732,8,4384,-98.375,99.375,0.0,False
549,963524,8,4392,-98.0,99.0,0.0,False
550,964400,8,4400,-108.5,109.5,0.0,False
551,965028,8,4408,-77.5,78.5,0.0,False
552,965681,8,4416,-80.625,81.625,0.0,False
553,966556,8,4424,-108.375,109.375,0.0,False
554,967426,8,4432,-107.75,108.75,0.0,False
555,968167,8,4440,-91.625,92.625,0.0,False
556,969151,8,4448,-122.0,123.0,0.0,False
557,969878,8,4456,-89.875,90.875,0.0,False
558,970608,8,4464,-90.25,91.25,0.0,False
559,971733,8,4472,-139.75,140.625,0.0,False
560,972393,8,4480,-81.5,82.5,0.0,False
561,973140,8,4488,-92.375,93.375,0.0,False
562,974322,8,4496,-146.875,147.75,0.0,False
563,975057,8,4504,-90.875,91.875,0.0,False
564,975851,8,4512,-98.25,99.25,0.0,False
565,976526,8,4520,-83.375,84.375,0.0,False
566,977274,8,4528,-92.5,93.5,0.0,False
567,978165,8,4536,-110.375,111.375,0.0,False
568,979091,8,4544,-114.75,115.75,0.0,False
569,979964,8,4552,-108.125,109.125,0.0,False
570,980641,8,4560,-83.625,84.625,0.0,False
571,981584,8,4568,-116.875,117.875,0.0,False
572,982267,8,4576,-84.375,85.375,0.0,False
573,982948,8,4584,-84.125,85.125,0.0,False
574,983793,8,4592,-104.625,105.625,0.0,False
575,984577,8,4600,-97.0,98.0,0.0,False
576,985253,8,4608,-83.5,84.5,0.0,False
577,985960,8,4616,-87.375,88.375,0.0,False
578,986705,8,4624,-92.125,93.125,0.0,False
579,987387,8,4632,-84.25,85.25,0.0,False
580,988145,8,4640,-93.75,94.75,0.0,False
581,988987,8,4648,-104.25,105.25,0.0,False
582,989855,8,4656,-107.5,108.5,0.0,False
583,990591,8,4664,-91.0,92.0,0.0,False
584,991528,8,4672,-116.125,117.125,0.0,False
585,992267,8,4680,-91.375,92.375,0.0,False
586,992952,8,4688,-84.625,85.625,0.0,False
587,993688,8,4696,-91.0,92.0,0.0,False
588,994334,8,4704,-79.75,80.75,0.0,False
589,995123,8,4712,-97.625,98.625,0.0,False
590,995888,8,4720,-94.625,95.625,0.0,False
591,996483,8,4728,-73.375,74.375,0.0,False
592,997345,8,4736,-106.75,107.75,0.0,False
593,998110,8,4744,-94.625,95.625,0.0,False
594,998907,8,4752,-98.625,99.625,0.0,False
595,999563,8,4760,-81.0,82.0,0.0,False
596,1000263,8,4768,-86.5,87.5,0.0,False
597,1000960,8,4776,-86.125,87.125,0.0,False
598,1001668,8,4784,-87.5,88.5,0.0,False
599,1002350,8,4792,-84.25,85.25,0.0,False
600,1003168,8,4800,-101.25,102.25,0.0,False
601,1003886,8,4808,-88.75,89.75,0.0,False
602,1004580,8,4816,-85.75,86.75,0.0,False
603,1005248,8,4824,-82.5,83.5,0.0,False
604,1005861,8,4832,-75.625,76.625,0.0,False
605,1006564,8,4840,-86.875,87.875,0.0,False
606,1007568,8,4848,-124.5,125.5,0.0,False
607,1008232,8,4856,-82.0,83.0,0.0,False
608,1008936,8,4864,-87.0,88.0,0.0,False
609,1009670,8,4872,-90.75,91.75,0.0,False
610,1010484,8,4880,-100.75,101.75,0.0,False
611,1011152,8,4888,-82.5,83.5,0.0,False
612,1011839,8,4896,-84.875,85.875,0.0,False
613,1012561,8,4904,-89.25,90.25,0.0,False
614,1013227,8,4912,-82.25,83.25,0.0,False
615,1013933,8,4920,-87.25,88.25,0.0,False
616,1014676,8,4928,-91.875,92.875,0.0,False
617,1015469,8,4936,-98.125,99.125,0.0,False
618,1016204,8,4944,-90.875,91.875,0.0,False
619,1016967,8,4952,-94.375,95.375,0.0,False
620,1017603,8,4960,-78.5,79.5,0.0,False
621,1018273,8,4968,-82.75,83.75,0.0,False
622,1018973,8,4976,-86.5,87.5,0.0,False
623,1019792,8,4984,-101.375,102.375,0.0,False
624,1020537,8,4992,-92.125,93.125,0.0,False
625,1021313,8,5000,-96.0,97.0,0.0,False
626,1022094,8,5008,-96.625,97.625,0.0,False
627,1022721,8,5016,-77.375,78.375,0.0,False
628,1023373,8,5024,-80.5,81.5,0.0,False
629,1024139,8,5032,-94.75,95.75,0.0,False
630,1024846,8,5040,-87.375,88.375,0.0,False
631,1025540,8,5048,-85.75,86.75,0.0,False
632,1026218,8,5056,-83.75,84.75,0.0,False
633,1027019,8,5064,-99.125,100.125,0.0,False
634,1027790,8,5072,-95.375,96.375,0.0,False
635,1028523,8,5080,-90.625,91.625,0.0,False
636,1029210,8,5088,-84.875,85.875,0.0,False
637,1029893,8,5096,-84.375,85.375,0.0,False
638,1030524,8,5104,-77.875,78.875,0.0,False
639,1031162,8,5112,-78.75,79.75,0.0,False
640,1031878,8,5120,-88.5,89.5,0.0,False
641,1032600,8,5128,-89.25,90.25,0.0,False
642,1033287,8,5136,-84.875,85.875,0.0,False
643,1034016,8,5144,-90.125,91.125,0.0,False
644,1034877,8,5152,-106.625,107.625,0.0,False
645,1035556,8,5160,-83.875,84.875,0.0,False
646,1036283,8,5168,-89.875,90.875,0.0,False
647,1037057,8,5176,-95.75,96.75,0.0,False
648,1037743,8,5184,-84.75,85.75,0.0,False
649,1038484,8,5192,-91.625,92.625,0.0,False
650,1039504,8,5200,-126.5,127.5,0.0,False
651,1040232,8,5208,-90.0,91.0,0.0,False
652,1041042,8,5216,-100.25,101.25,0.0,False
653,1041804,8,5224,-94.25,95.25,0.0,False
654,1042524,8,5232,-89.0,90.0,0.0,False
655,1043359,8,5240,-103.375,104.375,0.0,False
656,1044063,8,5248,-87.0,88.0,0.0,False
657,1044721,8,5256,-81.25,82.25,0.0,False
658,1045399,8,5264,-83.75,84.75,0.0,False
659,1046122,8,5272,-89.375,90.375,0.0,False
660,1046824,8,5280,-86.75,87.75,0.0,False
661,1047530,8,5288,-87.25,88.25,0.0,False
662,1048353,8,5296,-101.875,102.875,0.0,False
663,1049037,8,5304,-84.5,85.5,0.0,False
664,1049891,8,5312,-105.75,106.75,0.0,False
665,1050698,8,5320,-99.875,100.875,0.0,False
666,1051387,8,5328,-85.125,86.125,0.0,False
667,1052075,8,5336,-85.0,86.0,0.0,False
668,1052895,8,5344,-101.5,102.5,0.0,False
669,1053512,8,5352,-76.125,77.125,0.0,False
670,1054149,8,5360,-78.625,79.625,0.0,False
671,1054761,8,5368,-75.5,76.5,0.0,False
672,1055442,8,5376,-84.125,85.125,0.0,False
673,1056108,8,5384,-82.25,83.25,0.0,False
674,1056811,8,5392,-86.875,87.875,0.0,False
675,1057515,8,5400,-87.0,88.0,0.0,False
676,1058294,8,5408,-96.375,97.375,0.0,False
677,1059064,8,5416,-95.25,96.25,0.0,False
678,1059772,8,5424,-87.5,88.5,0.0,False
679,1060467,8,5432,-85.875,86.875,0.0,False
680,1061256,8,5440,-97.625,98.625,0.0,False
681,1062008,8,5448,-93.0,94.0,0.0,False
682,1062692,8,5456,-84.5,85.5,0.0,False
683,1063441,8,5464,-92.625,93.625,0.0,False
684,1064265,8,5472,-102.0,103.0,0.0,False
685,1065097,8,5480,-103.0,104.0,0.0,False
686,1065827,8,5488,-90.25,91.25,0.0,False
687,1066440,8,5496,-75.625,76.625,0.0,False
688,1067174,8,5504,-90.75,91.75,0.0,False
689,1068024,8,5512,-105.25,106.25,0.0,False
690,1068790,8,5520,-94.75,95.75,0.0,False
691,1069488,8,5528,-86.25,87.25,0.0,False
692,1070184,8,5536,-86.0,87.0,0.0,False
693,1070846,8,5544,-81.75,82.75,0.0,False
694,1071547,8,5552,-86.625,87.625,0.0,False
695,1072267,8,5560,-89.0,90.0,0.0,False
696,1073091,8,5568,-102.0,103.0,0.0,False
697,1073771,8,5576,-84.0,85.0,0.0,False
698,1074465,8,5584,-85.75,86.75,0.0,False
699,1075109,8,5592,-79.5,80.5,0.0,False
700,1075795,8,5600,-84.75,85.75,0.0,False
701,1076583,8,5608,-97.5,98.5,0.0,False
702,1077243,8,5616,-81.5,82.5,0.0,False
703,1077990,8,5624,-92.375,93.375,0.0,False
704,1078657,8,5632,-82.375,83.375,0.0,False
705,1079503,8,5640,-104.75,105.75,0.0,False
706,1080338,8,5648,-103.375,104.375,0.0,False
707,1081045,8,5656,-87.375,88.375,0.0,False
708,1081771,8,5664,-89.75,90.75,0.0,False
709,1082484,8,5672,-88.125,89.125,0.0,False
710,1083094,8,5680,-75.25,76.25,0.0,False
711,1083763,8,5688,-82.625,83.625,0.0,False
712,1084470,8,5696,-87.375,88.375,0.0,False
713,1085238,8,5704,-95.0,96.0,0.0,False
714,1086166,8,5712,-115.0,116.0,0.0,False
715,1086868,8,5720,-86.75,87.75,0.0,False
716,1087770,8,5728,-111.75,112.75,0.0,False
717,1088585,8,5736,-100.875,101.875,0.0,False
718,1089199,8,5744,-75.75,76.75,0.0,False
719,1089846,8,5752,-79.875,80.875,0.0,False
720,1090576,8,5760,-90.25,91.25,0.0,False
721,1091252,8,5768,-83.5,84.5,0.0,False
722,1092335,8,5776,-134.5,135.375,0.0,False
723,1092976,8,5784,-79.125,80.125,0.0,False
724,1093614,8,5792,-78.75,79.75,0.0,False
725,1094276,8,5800,-81.75,82.75,0.0,False
726,1095440,8,5808,-144.5,145.5,0.0,False
727,1096200,8,5816,-94.0,95.0,0.0,False
728,1096933,8,5824,-90.625,91.625,0.0,False
729,1097599,8,5832,-82.25,83.25,0.0,False
730,1098346,8,5840,-92.375,93.375,0.0,False
731,1099185,8,5848,-103.875,104.875,0.0,False
732,1100056,8,5856,-107.875,108.875,0.0,False
733,1100875,8,5864,-101.375,102.375,0.0,False
734,1101592,8,5872,-88.625,89.625,0.0,False
735,1102302,8,5880,-87.75,88.75,0.0,False
736,1103040,8,5888,-91.25,92.25,0.0,False
737,1104232,8,5896,-148.125,149.0,0.0,False
738,1104847,8,5904,-75.875,76.875,0.0,False
739,1105510,8,5912,-81.875,82.875,0.0,False
740,1106174,8,5920,-82.0,83.0,0.0,False
741,1106901,8,5928,-89.875,90.875,0.0,False
742,1107634,8,5936,-90.625,91.625,0.0,False
743,1108384,8,5944,-92.75,93.75,0.0,False
744,1109101,8,5952,-88.625,89.625,0.0,False
745,1109740,8,5960,-78.875,79.875,0.0,False
746,1110419,8,5968,-83.875,84.875,0.0,False
747,1111220,8,5976,-99.125,100.125,0.0,False
748,1111937,8,5984,-88.625,89.625,0.0,False
749,1112633,8,5992,-86.0,87.0,0.0,False
750,1113253,8,6000,-76.5,77.5,0.0,False
751,1113919,8,6008,-82.25,83.25,0.0,False
752,1114606,8,6016,-84.875,85.875,0.0,False
753,1115604,8,6024,-123.75,124.75,0.0,False
754,1116358,8,6032,-93.25,94.25,0.0,False
755,1117035,8,6040,-83.625,84.625,0.0,False
756,1117825,8,6048,-97.75,98.75,0.0,False
757,1118455,8,6056,-77.75,78.75,0.0,False
758,1119084,8,6064,-77.625,78.625,0.0,False
759,1119766,8,6072,-84.25,85.25,0.0,False
760,1120476,8,6080,-87.75,88.75,0.0,False
761,1121173,8,6088,-86.125,87.125,0.0,False
762,1121876,8,6096,-86.875,87.875,0.0,False
763,1122562,8,6104,-84.75,85.75,0.0,False
764,1123333,8,6112,-95.375,96.375,0.0,False
765,1124183,8,6120,-105.25,106.25,0.0,False
766,1124866,8,6128,-84.375,85.375,0.0,False
767,1125738,8,6136,-108.0,109.0,0.0,False
768,1126581,8,6144,-104.375,105.375,0.0,False
769,1127323,8,6152,-91.75,92.75,0.0,False
770,1128051,8,6160,-90.0,91.0,0.0,False
771,1128699,8,6168,-80.0,81.0,0.0,False
772,1129486,8,6176,-97.375,98.375,0.0,False
773,1130209,8,6184,-89.375,90.375,0.0,False
774,1130885,8,6192,-83.5,84.5,0.0,False
775,1131593,8,6200,-87.5,88.5,0.0,False
776,1132298,8,6208,-87.125,88.125,0.0,False
777,1132923,8,6216,-77.125,78.125,0.0,False
778,1133595,8,6224,-83.0,84.0,0.0,False
779,1134313,8,6232,-88.75,89.75,0.0,False
780,1134939,8,6240,-77.25,78.25,0.0,False
781,1135573,8,6248,-78.25,79.25,0.0,False
782,1136233,8,6256,-81.5,82.5,0.0,False
783,1137057,8,6264,-102.0,103.0,0.0,False
784,1137663,8,6272,-74.75,75.75,0.0,False
785,1138333,8,6280,-82.75,83.75,0.0,False
786,1139015,8,6288,-84.25,85.25,0.0,False
787,1139699,8,6296,-84.5,85.5,0.0,False
788,1140417,8,6304,-88.75,89.75,0.0,False
789,1141064,8,6312,-79.875,80.875,0.0,False
790,1141707,8,6320,-79.375,80.375,0.0,False
791,1142531,8,6328,-102.0,103.0,0.0,False
792,1143206,8,6336,-83.375,84.375,0.0,False
793,1143931,8,6344,-89.625,90.625,0.0,False
794,1144653,8,6352,-89.25,90.25,0.0,False
795,1145381,8,6360,-90.0,91.0,0.0,False
796,1146092,8,6368,-87.875,88.875,0.0,False
797,1146847,8,6376,-93.375,94.375,0.0,False
798,1147473,8,6384,-77.25,78.25,0.0,False
799,1148123,8,6392,-80.25,81.25,0.0,False
800,1148846,8,6400,-89.375,90.375,0.0,False
801,1149650,8,6408,-99.5,100.5,0.0,False
802,1150334,8,6416,-84.5,85.5,0.0,False
803,1150983,8,6424,-80.125,81.125,0.0,False
804,1151604,8,6432,-76.625,77.625,0.0,False
805,1152284,8,6440,-84.0,85.0,0.0,False
806,1152922,8,6448,-78.75,79.75,0.0,False
807,1153561,8,6456,-78.875,79.875,0.0,False
808,1154257,8,6464,-86.0,87.0,0.0,False
809,1154954,8,6472,-86.125,87.125,0.0,False
810,1155780,8,6480,-102.25,103.25,0.0,False
811,1156555,8,6488,-95.875,96.875,0.0,False
812,1157153,8,6496,-73.75,74.75,0.0,False
813,1157837,8,6504,-84.5,85.5,0.0,False
814,1158500,8,6512,-81.875,82.875,0.0,False
815,1159182,8,6520,-84.25,85.25,0.0,False
816,1159827,8,6528,-79.625,80.625,0.0,False
817,1160514,8,6536,-84.875,85.875,0.0,False
818,1161354,8,6544,-104.0,105.0,0.0,False
819,1162253,8,6552,-111.375,112.375,0.0,False
820,1162879,8,6560,-77.25,78.25,0.0,False
821,1163637,8,6568,-93.75,94.75,0.0,False
822,1164329,8,6576,-85.5,86.5,0.0,False
823,1165006,8,6584,-83.625,84.625,0.0,False
824,1165640,8,6592,-78.25,79.25,0.0,False
825,1166303,8,6600,-81.875,82.875,0.0,False
826,1166935,8,6608,-78.0,79.0,0.0,False
827,1167621,8,6616,-84.75,85.75,0.0,False
828,1168320,8,6624,-86.375,87.375,0.0,False
829,1168971,8,6632,-80.375,81.375,0.0,False
830,1169631,8,6640,-81.5,82.5,0.0,False
831,1170303,8,6648,-83.0,84.0,0.0,False
832,1171383,8,6656,-134.125,135.0,0.0,False
833,1172187,8,6664,-99.5,100.5,0.0,False
834,1172851,8,6672,-82.0,83.0,0.0,False
835,1173583,8,6680,-90.5,91.5,0.0,False
836,1174226,8,6688,-79.375,80.375,0.0,False
837,1174879,8,6696,-80.625,81.625,0.0,False
838,1175730,8,6704,-105.375,106.375,0.0,False
839,1176355,8,6712,-77.125,78.125,0.0,False
840,1177222,8,6720,-107.375,108.375,0.0,False
841,1177911,8,6728,-85.125,86.125,0.0,False
842,1178629,8,6736,-88.75,89.75,0.0,False
843,1179395,8,6744,-94.75,95.75,0.0,False
844,1180026,8,6752,-77.875,78.875,0.0,False
845,1180784,8,6760,-93.75,94.75,0.0,False
846,1181500,8,6768,-88.5,89.5,0.0,False
847,1182144,8,6776,-79.5,80.5,0.0,False
848,1182934,8,6784,-97.75,98.75,0.0,False
849,1183638,8,6792,-87.0,88.0,0.0,False
850,1184331,8,6800,-85.625,86.625,0.0,False
851,1185069,8,6808,-91.25,92.25,0.0,False
852,1185757,8,6816,-85.0,86.0,0.0,False
853,1186527,8,6824,-95.25,96.25,0.0,False
854,1187256,8,6832,-90.125,91.125,0.0,False
855,1188041,8,6840,-97.125,98.125,0.0,False
856,1188744,8,6848,-86.875,87.875,0.0,False
857,1189397,8,6856,-80.625,81.625,0.0,False
858,1190416,8,6864,-126.375,127.375,0.0,False
859,1190967,8,6872,-67.875,68.875,0.0,False
860,1191636,8,6880,-82.625,83.625,0.0,False
861,1192391,8,6888,-93.375,94.375,0.0,False
862,1193357,8,6896,-119.75,120.75,0.0,False
863,1194044,8,6904,-84.875,85.875,0.0,False
864,1194833,8,6912,-97.625,98.625,0.0,False
865,1195526,8,6920,-85.625,86.625,0.0,False
866,1196262,8,6928,-91.0,92.0,0.0,False
867,1196859,8,6936,-73.625,74.625,0.0,False
868,1197533,8,6944,-83.25,84.25,0.0,False
869,1198173,8,6952,-79.0,80.0,0.0,False
870,1198886,8,6960,-88.125,89.125,0.0,False
871,1199519,8,6968,-78.125,79.125,0.0,False
872,1200193,8,6976,-83.25,84.25,0.0,False
873,1201007,8,6984,-100.75,101.75,0.0,False
874,1201690,8,6992,-84.375,85.375,0.0,False
875,1202462,8,7000,-95.5,96.5,0.0,False
876,1203114,8,7008,-80.5,81.5,0.0,False
877,1203780,8,7016,-82.25,83.25,0.0,False
878,1204458,8,7024,-83.75,84.75,0.0,False
879,1205161,8,7032,-86.875,87.875,0.0,False
880,1205927,8,7040,-94.75,95.75,0.0,False
881,1207000,8,7048,-133.25,134.125,0.0,False
882,1207660,8,7056,-81.5,82.5,0.0,False
883,1208274,8,7064,-75.75,76.75,0.0,False
884,1209087,8,7072,-100.625,101.625,0.0,False
885,1210152,8,7080,-132.125,133.125,0.0,False
886,1210796,8,7088,-79.5,80.5,0.0,False
887,1211508,8,7096,-88.0,89.0,0.0,False
888,1212131,8,7104,-76.875,77.875,0.0,False
889,1212788,8,7112,-81.125,82.125,0.0,False
890,1213464,8,7120,-83.5,84.5,0.0,False
891,1214173,8,7128,-87.625,88.625,0.0,False
892,1214804,8,7136,-77.875,78.875,0.0,False
893,1215533,8,7144,-90.125,91.125,0.0,False
894,1216237,8,7152,-87.0,88.0,0.0,False
895,1216920,8,7160,-84.375,85.375,0.0,False
896,1217590,8,7168,-82.75,83.75,0.0,False
897,1218210,8,7176,-76.5,77.5,0.0,False
898,1218977,8,7184,-94.875,95.875,0.0,False
899,1219640,8,7192,-81.875,82.875,0.0,False
900,1220250,8,7200,-75.25,76.25,0.0,False
901,1220895,8,7208,-79.625,80.625,0.0,False
902,1221672,8,7216,-96.125,97.125,0.0,False
903,1222349,8,7224,-83.625,84.625,0.0,False
904,1223029,8,7232,-84.0,85.0,0.0,False
905,1223736,8,7240,-87.375,88.375,0.0,False
906,1224427,8,7248,-85.375,86.375,0.0,False
907,1225075,8,7256,-80.0,81.0,0.0,False
908,1225908,8,7264,-103.125,104.125,0.0,False
909,1226585,8,7272,-83.625,84.625,0.0,False
910,1227371,8,7280,-97.25,98.25,0.0,False
911,1228048,8,7288,-83.625,84.625,0.0,False
912,1228770,8,7296,-89.25,90.25,0.0,False
913,1229408,8,7304,-78.75,79.75,0.0,False
914,1230016,8,7312,-75.0,76.0,0.0,False
915,1230775,8,7320,-93.875,94.875,0.0,False
916,1231436,8,7328,-81.625,82.625,0.0,False
917,1232132,8,7336,-86.0,87.0,0.0,False
918,1232824,8,7344,-85.5,86.5,0.0,False
919,1233479,8,7352,-80.875,81.875,0.0,False
920,1234389,8,7360,-112.75,113.75,0.0,False
921,1235128,8,7368,-91.375,92.375,0.0,False
922,1235816,8,7376,-85.0,86.0,0.0,False
923,1236497,8,7384,-84.125,85.125,0.0,False
924,1237153,8,7392,-81.0,82.0,0.0,False
925,1237811,8,7400,-81.25,82.25,0.0,False
926,1238474,8,7408,-81.875,82.875,0.0,False
927,1239161,8,7416,-84.875,85.875,0.0,False
928,1239961,8,7424,-99.0,100.0,0.0,False
929,1240704,8,7432,-91.875,92.875,0.0,False
930,1241358,8,7440,-80.75,81.75,0.0,False
931,1242220,8,7448,-106.75,107.75,0.0,False
932,1242862,8,7456,-79.25,80.25,0.0,False
933,1243519,8,7464,-81.125,82.125,0.0,False
934,1244321,8,7472,-99.25,100.25,0.0,False
935,1244996,8,7480,-83.375,84.375,0.0,False
936,1245744,8,7488,-92.5,93.5,0.0,False
937,1246437,8,7496,-85.625,86.625,0.0,False
938,1247168,8,7504,-90.375,91.375,0.0,False
939,1248058,8,7512,-110.25,111.25,0.0,False
940,1248737,8,7520,-83.875,84.875,0.0,False
941,1249392,8,7528,-80.875,81.875,0.0,False
942,1250149,8,7536,-93.625,94.625,0.0,False
943,1250757,8,7544,-75.0,76.0,0.0,False
944,1251392,8,7552,-78.375,79.375,0.0,False
945,1252187,8,7560,-98.375,99.375,0.0,False
946,1252888,8,7568,-86.625,87.625,0.0,False
947,1253584,8,7576,-86.0,87.0,0.0,False
948,1254309,8,7584,-89.625,90.625,0.0,False
949,1255121,8,7592,-100.5,101.5,0.0,False
950,1255856,8,7600,-90.875,91.875,0.0,False
951,1256685,8,7608,-102.625,103.625,0.0,False
952,1257351,8,7616,-82.25,83.25,0.0,False
953,1258003,8,7624,-80.5,81.5,0.0,False
954,1258848,8,7632,-104.625,105.625,0.0,False
955,1259599,8,7640,-92.875,93.875,0.0,False
956,1260394,8,7648,-98.375,99.375,0.0,False
957,1261132,8,7656,-91.25,92.25,0.0,False
958,1261920,8,7664,-97.5,98.5,0.0,False
959,1262643,8,7672,-89.375,90.375,0.0,False
960,1263422,8,7680,-96.375,97.375,0.0,False
961,1264155,8,7688,-90.625,91.625,0.0,False
962,1264800,8,7696,-79.625,80.625,0.0,False
963,1265503,8,7704,-86.875,87.875,0.0,False
964,1266199,8,7712,-86.0,87.0,0.0,False
965,1266826,8,7720,-77.375,78.375,0.0,False
966,1267486,8,7728,-81.5,82.5,0.0,False
967,1268250,8,7736,-94.5,95.5,0.0,False
968,1269367,8,7744,-138.625,139.625,0.0,False
969,1269994,8,7752,-77.375,78.375,0.0,False
970,1270730,8,7760,-91.0,92.0,0.0,False
971,1271396,8,7768,-82.25,83.25,0.0,False
972,1272078,8,7776,-84.25,85.25,0.0,False
973,1272773,8,7784,-85.875,86.875,0.0,False
974,1273434,8,7792,-81.625,82.625,0.0,False
975,1274049,8,7800,-75.875,76.875,0.0,False
976,1274825,8,7808,-96.0,97.0,0.0,False
977,1275494,8,7816,-82.625,83.625,0.0,False
978,1276176,8,7824,-84.25,85.25,0.0,False
979,1277228,8,7832,-130.625,131.5,0.0,False
980,1277961,8,7840,-90.625,91.625,0.0,False
981,1278737,8,7848,-96.0,97.0,0.0,False
982,1279500,8,7856,-94.375,95.375,0.0,False
983,1280307,8,7864,-99.875,100.875,0.0,False
984,1281091,8,7872,-97.0,98.0,0.0,False
985,1281726,8,7880,-78.375,79.375,0.0,False
986,1282439,8,7888,-88.125,89.125,0.0,False
987,1283166,8,7896,-89.875,90.875,0.0,False
988,1283946,8,7904,-96.5,97.5,0.0,False
989,1284648,8,7912,-86.75,87.75,0.0,False
990,1285456,8,7920,-100.0,101.0,0.0,False
991,1286172,8,7928,-88.5,89.5,0.0,False
992,1286872,8,7936,-86.5,87.5,0.0,False
993,1287542,8,7944,-82.75,83.75,0.0,False
994,1288332,8,7952,-97.75,98.75,0.0,False
995,1289202,8,7960,-107.75,108.75,0.0,False
996,1289860,8,7968,-81.25,82.25,0.0,False
997,1290693,8,7976,-103.125,104.125,0.0,False
998,1291394,8,7984,-86.625,87.625,0.0,False
999,1292074,8,7992,-84.0,85.0,0.0,False
1000,1292796,8,8000,-89.25,90.25,0.0,False
